suggestion_id,keywords_fr,keywords_ar,keywords_en,response_fr,response_ar,response_en,category,linked_article_ids,sources,severity
cb_001,"nausées,vomir,mal au cœur","غثيان,قيء,دوخة","nausea,vomit,sick","Mangez un biscuit sec au réveil, buvez du gingembre. Fractionnez les repas.",كلي بسكويت جاف عند الاستيقاظ، اشربي الزنجبيل. قسمي وجباتك.,"Eat a dry biscuit upon waking, drink ginger. Split your meals.",symptomes,art_006,ACOG,low
cb_002,"fatigue,épuisée,dodo","تعب,إرهاق,نوم","tired,exhausted,sleep","C'est normal ! Progestérone au début, poids à la fin. Reposez-vous.",هذا طبيعي! الهرمونات في البداية، والوزن في النهاية. ارتاحي.,"It's normal! Hormones at start, weight at end. Rest.",symptomes,art_011,CNGOF,low
cb_003,"saignement,sang,tache","نزيف,دم,بقع","bleeding,blood,spot",Rouge vif = Urgences. Marron = Souvent bénin mais à surveiller.,أحمر فاتح = طوارئ. بني = غالبًا حميد لكن راقبيه.,Bright red = ER. Brown = Often benign but watch it.,symptomes,,Urgences,high
cb_004,"mouvements,bébé bouge plus","حركة,الطفل لا يتحرك","movements,baby not moving",Si bébé bouge moins : Sucre + Côté gauche 1h. Rien ? Maternité.,إذا قلت الحركة: سكريات + استلقاء على اليسار ساعة. لا شيء؟ المستشفى.,If baby moves less: Sugar + Left side 1h. Nothing? Hospital.,sante,art_020,CNGOF,high
cb_005,"sushi,poisson cru","سوشي,سمك ني","sushi,raw fish",Interdit ! Risque de listéria/parasites. Poisson cuit uniquement.,ممنوع! خطر البكتيريا. سمك مطهو فقط.,Forbidden! Listeria risk. Cooked fish only.,nutrition,art_008,HAS,medium
cb_006,"dattes,manger dattes","تمر,اكل تمر","dates,eat dates","Excellentes ! Énergie. En fin de grossesse, aide le col.",ممتاز! طاقة. في نهاية الحمل يساعد عنق الرحم.,"Excellent! Energy. In late pregnancy, helps cervix.",nutrition,art_002,PubMed,low
cb_007,"sexe,rapport,amour","جماع,علاقة,حب","sex,intercourse,love",Autorisé sauf avis médecin. Pas de danger pour bébé.,مسموح إلا إذا منع الطبيب. لا خطر على الطفل.,Allowed unless doctor says no. No danger for baby.,sante,art_021,ACOG,low
cb_008,"douleur ventre,tiraillement","الم بطن,وجع","belly pain,cramps",Ligaments qui s'étirent. Repos. Si rythmé/fort = Consulter.,تمدد الأربطة. راحة. إذا كان منتظم/قوي = استشيري.,Ligaments stretching. Rest. If rhythmic/strong = Consult.,symptomes,art_012,SageFemme,medium
cb_009,"maux de tête,migraine","صداع,راس","headache,migraine",Si paracétamol ne marche pas + troubles vue = Urgence (Tension).,إذا لم ينفع الباراسيتامول + مشاكل نظر = طوارئ (ضغط).,If paracetamol doesn't work + vision issues = ER (BP).,symptomes,art_027,CNGOF,high
cb_010,"constipation,bloqué","إمساك,معدة","constipation,blocked","Eau Hépar, Figues, Pruneaux, Marche. Pas de laxatif sans avis.",ماء، تين، برقوق، مشي. لا مسهلات بدون استشارة.,"Water, Figs, Prunes, Walk. No laxatives without advice.",symptomes,art_013,Nutrition,low
cb_011,"insomnie,dormir","ارق,نوم","insomnia,sleep","Coussin allaitement, côté gauche, pas d'écran. Courage.",وسادة رضاعة، جانب أيسر، بدون شاشات. شجاعة.,"Nursing pillow, left side, no screens. Courage.",bien_etre,art_018,Sleep,low
cb_012,"poids,kilos,grossir","وزن,كيلو,سمنة","weight,kilos,gain","Moyenne 11-16kg. Mangez qualité, pas quantité.",المعدل 11-16 كغ. كلي نوعية جيدة لا كمية كبيرة.,"Avg 11-16kg. Eat quality, not quantity.",nutrition,,ACOG,low
cb_013,"sport,gym,marche","رياضة,مشي,جيم","sport,gym,walk","Marche, Yoga, Natation : OUI. Chute/Combat : NON.",مشي، يوغا، سباحة: نعم. سقوط/قتال: لا.,"Walk, Yoga, Swim: YES. Fall/Combat: NO.",exercice,art_009,Sport,low
cb_014,"voyage,avion","سفر,طائرة","travel,plane",Ok jusqu'à 36SA. Bas de contention obligatoires.,موافق حتى الأسبوع 36. جوارب ضاغطة ضرورية.,Ok until 36w. Compression stockings mandatory.,sante,art_031,Transport,low
cb_015,"perte eaux,liquide","ماء,سوائل,نزول","water break,fluid",Liquide chaud qui coule ? Maternité direct.,سائل دافئ يسيل؟ للمستشفى فورًا.,Warm fluid leaking? Hospital immediately.,symptomes,art_012,Urgences,high
cb_016,"bouchon muqueux,glaire","سدادة,مخاط","mucous plug,discharge",Perte glaireuse ? Le col travaille. Pas d'urgence.,إفرازات مخاطية؟ عنق الرحم يعمل. ليست طوارئ.,Mucous discharge? Cervix is working. Not urgent.,preparation,art_012,SageFemme,low
cb_017,"fièvre,température","حمى,حرارة","fever,temperature",38°C ? Consultez. Risque infection. Paracétamol ok.,38 درجة؟ استشيري. خطر عدوى. باراسيتامول مسموح.,38°C? Consult. Infection risk. Paracetamol ok.,symptomes,,Medecin,high
cb_018,"fer,anémie","حديد,فقر دم","iron,anemia","Fatiguée ? Lentilles, Viande rouge + Citron. Pas de thé.",تعبة؟ عدس، لحم أحمر + ليمون. لا شاي.,"Tired? Lentils, Red meat + Lemon. No tea.",nutrition,art_014,Nutrition,low
cb_019,"diabète,sucre","سكري,سكر","diabetes,sugar","Régime : Légumes, Protéines, Féculents complets. Marche.",حمية: خضار، بروتينات، نشويات كاملة. مشي.,"Diet: Veggies, Protein, Whole carbs. Walk.",sante,art_017,Endocrino,medium
cb_020,"stress,peur,angoisse","قلق,خوف,توتر","stress,fear,anxiety",Parlez-en. Le stress ponctuel est ok. Respirez.,تحدثي عنه. التوتر المؤقت عادي. تنفسي.,Talk about it. Occasional stress is ok. Breathe.,bien_etre,art_026,Psy,low
cb_021,"valise,maternité","حقيبة,ولادة","bag,maternity","Préparez-la vers 7 mois. Papiers, pyjamas, couches.",حضريها في الشهر السابع. أوراق، ملابس.,"Pack at 7 months. Papers, PJs, diapers.",preparation,art_010,Orga,low
cb_022,"prénom,choix","اسم,اختيار","name,choice",Faites une liste chacun. Vérifiez la signification.,ضعا قائمة. تحققا من المعنى.,Make lists. Check meanings.,bien_etre,,Famille,low
cb_023,"aîné,jalousie","اخ كبير,غيرة","sibling,jealousy",Préparez-le. Petit cadeau de la part du bébé.,حضريه. هدية صغيرة من المولود.,Prepare him. Small gift from baby.,bien_etre,art_028,Psy,low
cb_024,"dos,mal de dos","ظهر,الم","back,pain",Basculez le bassin. Pas de talons. Coussin chaud.,أميلي الحوض. لا كعب عالي. وسادة دافئة.,Tilt pelvis. No heels. Warm pillow.,sante,art_018,Kine,low
cb_025,"jambes lourdes,oedeme","ساقين,انتفاخ","legs,swelling",Jambes en l'air. Eau froide. Bas contention.,ارفعي الساقين. ماء بارد. جوارب ضاغطة.,Legs up. Cold water. Compression stockings.,sante,art_019,Phlebo,low
cb_026,"vergetures,crème","تشققات,كريم","stretch marks,cream","Hydratez matin/soir (Amande, Olive). Génétique joue bcp.",رطبي صباحاً ومساءً. الوراثة تلعب دوراً.,Moisturize am/pm. Genetics play a role.,bien_etre,art_005,Dermato,low
cb_027,"brûlure estomac,rgo","حرقة,معدة","heartburn,gerd",Petits repas. Pas d'épices le soir. Lait froid.,وجبات صغيرة. لا توابل مساءً. حليب بارد.,Small meals. No spice at night. Cold milk.,symptomes,art_032,Nutrition,low
cb_028,"rhésus,groupe sanguin","زمرة,دم","rhesus,blood type","Si vous êtes Rh- et Papa Rh+, vaccin Rophylac nécessaire.",إذا كنت Rh- والأب Rh+، اللقاح ضروري.,"If you are Rh- and Dad Rh+, vaccine needed.",sante,,Bio,medium
cb_029,"hoquet,sursaut","فواق,قفز","hiccups,jump",Sursauts réguliers ? C'est le hoquet de bébé ! Normal.,قفزات منتظمة؟ فواق الطفل! طبيعي.,Regular jumps? Baby hiccups! Normal.,developpement,,Physio,low
cb_030,"contractions,ventre dur","تقلصات,بطن صلب","contractions,hard belly",Non douloureux = Braxton Hicks. Douloureux/Régulier = Travail.,غير مؤلم = براكستون. مؤلم/منتظم = ولادة.,Painless = Braxton. Painful/Regular = Labor.,symptomes,art_012,SageFemme,high
cb_031,"couleur cheveux,teinture","صبغة,شعر","hair color,dye",Mèches ok. Teinture : Prudence T1.,الخصلات مسموحة. الصبغة: حذر في الثلث 1.,Highlights ok. Dye: Caution in T1.,bien_etre,,Coiffeur,low
cb_032,"épilation,laser","إزالة شعر,ليزر","hair removal,laser",Laser déconseillé. Cire/Rasoir ok.,ليزر غير منصوح به. شمع/حلاقة موافق.,Laser not advised. Wax/Shave ok.,bien_etre,,Esthetique,low
cb_033,"café,thé","قهوة,شاي","coffee,tea",Max 200mg/jour (2 tasses). Thé loin des repas.,كوبان يومياً كحد أقصى. الشاي بعيداً عن الأكل.,Max 2 cups/day. Tea away from meals.,nutrition,,Nutrition,low
cb_034,"hammam,sauna","حمام,ساونا","hammam,sauna",Pas trop chaud ! Risque malaise. Tiède ok.,ليس حاراً جداً! خطر الإغماء. دافئ موافق.,Not too hot! Fainting risk. Warm ok.,sante,art_003,AvisLocal,medium
cb_035,"jeûne,ramadan","صيام,رمضان","fasting,ramadan",Déconseillé si jour long/chaud. Risque déshydratation.,غير منصوح به إذا كان اليوم حاراً. خطر الجفاف.,Not advised if hot day. Dehydration risk.,nutrition,art_004,Religion,medium
cb_036,"chat,litière","قط,فضلات","cat,litter",Mettez des gants. Risque Toxoplasmose.,ارتدي قفازات. خطر داء المقوسات.,Wear gloves. Toxoplasmosis risk.,sante,art_008,Vet,medium
cb_037,"ménage,produits","تنظيف,مواد","cleaning,products",Vinaigre blanc ! Évitez Javel et sprays chimiques.,الخل الأبيض! تجنبي الكلور والمواد الكيميائية.,White vinegar! Avoid bleach and chemicals.,sante,,Ecologie,low
cb_038,"dentiste,dents","طبيب اسنان,ضرس","dentist,teeth",Allez-y ! Soignez les caries. Anesthésie locale ok.,اذهبي! عالجي التسوس. التخدير الموضعي مسموح.,Go! Treat cavities. Local anesthesia ok.,sante,art_035,Dentiste,medium
cb_039,"vaccin,grippe","لقاح,انفلونزا","vaccine,flu",Recommandés enceinte. Protège bébé et vous.,موصى به للحامل. يحميك ويحمي طفلك.,Recommended pregnant. Protects baby and you.,sante,,SantePublique,low
cb_040,"hémorroïdes,anus","بواسير,مخرج","hemorrhoids,anus","Froid, crèmes locales, traiter constipation.",برودة، كريمات، علاج الإمساك.,"Cold, creams, treat constipation.",symptomes,art_036,Procto,low
cb_041,"pertes,blanches","افرازات,بيضاء","discharge,white",Normales si pas d'odeur/gratouille. Protège vagin.,طبيعية إذا بلا رائحة/حكة. تحمي المهبل.,Normal if no smell/itch. Protects vagina.,symptomes,,Gyneco,low
cb_042,"mycose,gratte","فطريات,حكة","yeast,itch",Consultez pour ovule. Fréquent enceinte.,استشيري للعلاج. شائعة أثناء الحمل.,Consult for treatment. Common pregnant.,symptomes,,Gyneco,medium
cb_043,"herpès,bouton","هربس,حبة","herpes,sore",Signalez-le ! Dangereux pour bébé à la naissance.,أبلغي عنه! خطير على الطفل عند الولادة.,Report it! Dangerous for baby at birth.,sante,,Gyneco,high
cb_044,"streptocoque b,prélèvement","بكتيريا,مسحة","strep b,swab","Test vers 35-37 SA. Si positif, antibio à l'accouchement.",تحليل في الأسبوع 35. مضاد حيوي عند الولادة إذا إيجابي.,Test around 35w. Antibiotics at birth if positive.,preparation,,Labo,medium
cb_045,"col,ouvert","عنق,مفتوح","cervix,open",Col court = Repos. Col ouvert = Risque accouchement.,عنق قصير = راحة. مفتوح = خطر ولادة.,Short cervix = Rest. Open = Labor risk.,sante,,Gyneco,high
cb_046,"siège,tête haut","مقلوب,راسه فوق","breech,head up",Bébé peut se retourner jusqu'au bout.,يمكن للطفل أن ينقلب حتى النهاية.,Baby can turn until the end.,sante,,SageFemme,medium
cb_047,"césarienne,opération","قيصرية,عملية","c-section,surgery",Sauve des vies. Anesthésie locale. Peau à peau possible.,تنقذ الأرواح. تخدير موضعي. تلامس ممكن.,Saves lives. Local anesthesia. Skin-to-skin possible.,preparation,art_025,CNGOF,medium
cb_048,"péridurale,douleur","ابرة ظهر,الم","epidural,pain",Soulage douleur. Pas obligatoire. À voir avec anesthésiste.,تخفف الألم. ليست إجبارية. راجعي طبيب التخدير.,Relieves pain. Not mandatory. See anesthesiologist.,preparation,,Anesthesiste,low
cb_049,"projet naissance,plan","خطة ولادة,رغبات","birth plan,wishes","Écrivez vos souhaits (musique, positions...).",اكتبي رغباتك (موسيقى، وضعيات...).,"Write your wishes (music, positions...).",preparation,,SageFemme,low
cb_050,"allaitement,sein","رضاعة,ثدي","breastfeeding,breast",Le meilleur pour bébé. Préparez-vous (cours).,الأفضل للطفل. استعدي (دروس).,Best for baby. Prepare (classes).,preparation,art_029,LecheLeague,low
cb_051,"biberon,lait","رضاعة صناعية,حليب","bottle,formula","Si choix ou nécessité, c'est ok. Lait 1er âge.",إذا كان خيارًا أو ضرورة، لا بأس. حليب رقم 1.,"If choice or need, it's ok. Stage 1 milk.",preparation,,Pediatre,low
cb_052,"chambre,lit","غرفة,سرير","room,crib","Lit à barreaux, matelas ferme. Pas de tour de lit !",سرير بقضبان، فراش صلب. لا واقيات!,"Crib, firm mattress. No bumpers!",preparation,art_044,Securite,medium
cb_053,"poussette,écharpe","عربة,حمالة","stroller,wrap","Poussette pratique, Écharpe câlin. Les deux servent.",العربة عملية، الحمالة للعناق. كلاهما مفيد.,"Stroller practical, Wrap cuddly. Both useful.",preparation,art_043,Achats,low
cb_054,"siège auto,cosy","كرسي سيارة,كوزي","car seat,cozy",Obligatoire pour sortie maternité. Dos à la route.,إجباري للخروج من المستشفى. عكس السير.,Mandatory for hospital exit. Rear facing.,preparation,,Securite,medium
cb_055,"couches,taille","حفاضات,مقاس","diapers,size",Taille 1 (2-5kg). Prévoyez 1 ou 2 paquets.,مقاس 1 (2-5 كغ). جهزي عبوة أو اثنتين.,Size 1 (2-5kg). Get 1 or 2 packs.,preparation,,Achats,low
cb_056,"vêtements,body","ملابس,بودي","clothes,onesie",Body croisé devant (facile). Pyjama velours.,ملابس تفتح من الأمام. بيجاما قطيفة.,Front-opening onesie. Velvet PJs.,preparation,,Achats,low
cb_057,"lessive,laver","غسيل,مسحوق","laundry,detergent",Lessive hypoallergénique. Pas d'adoucissant.,مسحوق مضاد للحساسية. لا منعم.,Hypoallergenic detergent. No softener.,preparation,,Dermato,low
cb_058,"sac accouchement,salle","حقيبة ولادة,قاعة","labor bag,room","Brumisateur, musique, tenue confort, snacks.",بخاخ ماء، موسيقى، ملابس مريحة، وجبات خفيفة.,"Water spray, music, comfy clothes, snacks.",preparation,art_010,Vecu,low
cb_059,"retour maison,sortie","عودة,منزل","homecoming,discharge",Prévoyez de l'aide/repas. Repos maman prioritaire.,رتبي للمساعدة والطعام. راحة الأم أولوية.,Plan help/meals. Mom's rest priority.,post_partum,art_030,Orga,low
cb_060,"baby blues,pleurs","كابة,بكاء","baby blues,crying",Chute hormones J3. Normal. Si dure > 2 sem : Dépression.,تغير هرموني يوم 3. طبيعي. إذا طال: اكتئاب.,Hormone drop D3. Normal. If long: Depression.,post_partum,art_030,Psy,medium
cb_061,"lochies,saignement","نفاس,دم","lochia,bleeding",Saignements 3-6 semaines. De plus en plus clair.,نزيف 3-6 أسابيع. يفتح لونه تدريجياً.,Bleeding 3-6 weeks. Gets lighter.,post_partum,art_030,Gyneco,low
cb_062,"épisiotomie,points","شق عجان,غرز","episiotomy,stitches","Lavez à l'eau, séchez bien. Changez souvent serviette.",اغسلي بالماء، جففي جيداً. غيري الفوطة غالباً.,"Wash with water, dry well. Change pad often.",post_partum,art_015,Hygiene,low
cb_063,"montée lait,seins","ادرار,حليب","milk,breasts","J3-J5. Mettez bébé au sein souvent. Chaud avant, Froid après.",يوم 3-5. أرضعي كثيراً. دافئ قبل، بارد بعد.,"D3-D5. Nurse often. Warm before, Cold after.",post_partum,art_029,Lactation,medium
cb_064,"crevasses,mamelon","تشققات,حلمة","cracks,nipple",Mauvaise position bébé. Corrigez prise. Lanoline.,وضعية خاطئة. صححي الالتقام. لانولين.,Bad latch. Fix position. Lanolin.,post_partum,art_029,Lactation,medium
cb_065,"cordon,nombril","سرة,حبل","cord,belly button",Nettoyez biseptine/alcool ou laissez sécher. Tombe J10.,نظفي بالمطهر أو دعيه يجف. يسقط يوم 10.,Clean antiseptic or dry. Falls D10.,post_partum,art_042,Pediatre,low
cb_066,"jaunisse,jaune","يرقان,اصفرار","jaundice,yellow",Fréquent. Mettez bébé à la lumière du jour. Tétées +++.,شائع. ضعي الطفل في ضوء النهار. رضاعة كثيفة.,Common. Put baby in daylight. Nurse +++.,post_partum,art_041,Pediatre,medium
cb_067,"coliques,pleurs","مغص,بكاء","colic,crying","Bébé pleure le soir ? Normal. Portage, massage ventre.",يبكي مساءً؟ طبيعي. حمل، تدليك البطن.,"Cries at night? Normal. Carry, tummy massage.",post_partum,art_047,Pediatre,low
cb_068,"bain,laver","حمام,غسل","bath,wash",37°C. Pas tous les jours (peau sèche). Savon doux.,37 درجة. ليس يومياً. صابون لطيف.,37°C. Not everyday. Gentle soap.,post_partum,,Hygiene,low
cb_069,"mouche bébé,rhume","شفاط انف,زكام","nose cleaner,cold",Sérum phy à volonté ! Mouchage avant repas.,محلول ملحي! تنظيف قبل الأكل.,Saline solution! Clean before meals.,post_partum,art_050,Sante,low
cb_070,"fièvre bébé,38","حمى طفل,حرارة","fever baby,temp",Avant 3 mois : Urgences direct. Ne donnez rien.,قبل 3 أشهر: طوارئ فوراً. لا تعطي شيئاً.,Before 3 months: ER immediately. Give nothing.,post_partum,art_050,Pediatre,high
cb_071,"vitamine d,bébé","فيتامين د,طفل","vitamin d,baby",Tous les jours jusqu'à 18 mois. Important os.,يومياً حتى 18 شهراً. مهم للعظام.,Everyday until 18 months. Important bones.,post_partum,art_050,Pediatre,low
cb_072,"contraception,pilule","منع حمل,حبوب","contraception,pill",Attention ovulation avant règles ! Préservatif ou pilule.,تبويض قبل الدورة! واقي أو حبوب.,Ovulation before period! Condom or pill.,post_partum,art_039,Gyneco,medium
cb_073,"rééducation,périnée","ترويض,عجان","rehab,perineum",Indispensable avant sport. 6 sem après accouchement.,ضروري قبل الرياضة. 6 أسابيع بعد الولادة.,Mandatory before sport. 6w after birth.,post_partum,art_046,Kine,medium
cb_074,"sport après,reprise","رياضة بعد,عودة","sport after,resume",Marche ok. Course/Abdos : Après rééducation !,مشي موافق. ركض/بطن: بعد الترويض!,Walk ok. Run/Abs: After rehab!,post_partum,art_046,Sport,medium
cb_075,"poids après,regime","وزن بعد,رجيم","weight after,diet","Patience. 9 mois pour faire, 9 mois pour perdre.",صبراً. 9 أشهر للزيادة، 9 للنقصان.,"Patience. 9 months to gain, 9 to lose.",post_partum,,Nutrition,low
cb_076,"relation,couple","علاقة,زوجين","relationship,couple","Fatigue tue libido. Câlins, paroles. Patience.",التعب يقتل الرغبة. عناق، كلام. صبراً.,"Fatigue kills libido. Cuddles, talk. Patience.",bien_etre,art_049,Psy,low
cb_077,"crèche,garde","حضانة,مربية","daycare,nanny",Inscrivez-vous tôt. Assistante maternelle ou Famille ?,سجلي مبكراً. مربية أم عائلة؟,Register early. Nanny or Family?,preparation,art_048,Admin,low
cb_078,"travail,reprise","عمل,عودة","work,back",Préparez adaptation bébé. Tirez votre lait ?,حضري تأقلم الطفل. شفط الحليب؟,Prepare baby adaptation. Pump milk?,post_partum,art_048,Travail,low
cb_079,"voyage bébé,avion","سفر طفل,طائرة","travel baby,plane",Dès 2 semaines ok. Tétée au décollage (oreilles).,من أسبوعين موافق. رضاعة عند الإقلاع.,From 2 weeks ok. Nurse at takeoff.,post_partum,,Transport,low
cb_080,"soleil,bébé","شمس,طفل","sun,baby","Jamais de soleil direct < 1 an. Chapeau, ombre.",لا شمس مباشرة قبل سنة. قبعة، ظل.,"No direct sun < 1 year. Hat, shade.",post_partum,,Securite,medium
cb_081,"chaleur,été","حر,صيف","heat,summer",Hydratez maman. Bébé en couche. Pièce fraîche.,رطبي الأم. الطفل بالحفاض. غرفة باردة.,Hydrate mom. Baby in diaper. Cool room.,sante,art_003,Meteo,medium
cb_082,"froid,hiver","برد,شتاء","cold,winter",Couvrez extrémités. Gigoteuse chaude. Pas de couette.,غطي الأطراف. كيس نوم دافئ. لا لحاف.,Cover extremities. Warm sleep bag. No duvet.,sante,art_044,Meteo,medium
cb_083,"pollution,air","تلوث,هواء","pollution,air",Évitez heures pointe. Aérez matin tôt.,تجنبي الذروة. هوي صباحاً باكراً.,Avoid peak hours. Air early morning.,sante,,Environnement,low
cb_084,"bruit,musique","ضجيج,موسيقى","noise,music",Bébé entend tout in utero. Musique douce apaise.,الطفل يسمع كل شيء. الموسيقى الهادئة تريح.,Baby hears all. Soft music soothes.,developpement,art_023,Ouie,low
cb_085,"jumeaux,double","توام,مضاعف","twins,double",Suivi plus rapproché. Repos x2. Césarienne fréquente.,متابعة أقرب. راحة مضاعفة. قيصرية شائعة.,Closer monitoring. Rest x2. C-section common.,sante,,Gyneco,medium
cb_086,"crampes,mollet","تشنج,ساق","cramps,calf",Magnésium. Eau. Étirements. Banane.,مغنيسيوم. ماء. تمديد. موز.,Magnesium. Water. Stretches. Banana.,sante,art_019,Nutrition,low
cb_087,"varices,veines","دوالي,عروق","varicose,veins",Bas contention. Pas de chaleur. Surélevez.,جوارب ضاغطة. لا حرارة. ارفعي.,Compression stockings. No heat. Elevate.,sante,art_019,Phlebo,low
cb_088,"vertiges,malaise","دوار,دوخة","dizziness,faint",Levez-vous doucement. Mangez sucre. Allongez-vous.,انهضي ببطء. كلي سكر. استلقي.,Stand up slowly. Eat sugar. Lie down.,symptomes,,Tension,medium
cb_089,"gencives,saignements","لثة,دم","gums,bleeding",Brosse souple. Détartrage recommandé.,فرشاة ناعمة. تنظيف جير موصى به.,Soft brush. Scaling recommended.,sante,art_035,Dentiste,low
cb_090,"nez bouché,rhinite","انف مسدود,زكام","stuffy nose,rhinitis",Sérum phy. Dormez surélevée. C'est hormonal.,محلول ملحي. نامي ورأسك مرفوع. هرموني.,Saline. Sleep elevated. Hormonal.,symptomes,,ORL,low
cb_091,"masque grossesse,tache","كلف,بقع","mask,spots",Écran total 50+. Chapeau. Pas de soleil visage.,واقي 50+. قبعة. لا شمس على الوجه.,Screen 50+. Hat. No sun on face.,sante,art_017,Dermato,low
cb_092,"ligne brune,ventre","خط بني,بطن","brown line,belly",Disparaît après accouchement. Hormonal.,يختفي بعد الولادة. هرموني.,Disappears after birth. Hormonal.,sante,,Dermato,low
cb_093,"nombril,sorti","سرة بارزة,خارجة","belly button,out","Normal, utérus pousse. Revient après.",طبيعي، الرحم يدفع. تعود لاحقاً.,"Normal, uterus pushes. Returns later.",sante,,Corps,low
cb_094,"fuites urinaires,pipi","سلس بول,تبول","leaks,pee",Périnée fatigué. Kegel ! Ne stoppez pas le pipi.,عجان متعب. كيجل! لا تحبسي البول.,Tired perineum. Kegel! Don't stop pee.,symptomes,art_015,Kine,medium
cb_095,"libido,envie","رغبة,جنس","libido,sex drive",Fluctuante. 2e trimestre top. 1er/3e bof. Normal.,متقلبة. الثلث الثاني ممتاز. عادي.,Fluctuating. 2nd trimester great. Normal.,sante,art_021,Sex,low
cb_096,"médicament,ordonnance","دواء,وصفة","medication,prescription",CRAT.fr pour vérifier. Jamais d'AINS (Ibuprofène).,تحققي من الطبيب. ممنوع الإيبوبروفين.,Check with doctor. No Ibuprofen.,sante,,Pharma,high
cb_097,"radiographie,rayon x","اشعة,اكس","xray,radiation",Signalez grossesse. Tablier plomb. Évitez si possible.,أبلغي عن الحمل. واقي رصاصي. تجنبي إن أمكن.,Report pregnancy. Lead apron. Avoid if possible.,sante,,Radio,medium
cb_098,"peinture,travaux","دهان,اشغال","paint,works",Laissez faire les autres. Vapeurs toxiques.,دعي غيرك يقوم به. أبخرة سامة.,Let others do it. Toxic fumes.,sante,,Securite,medium
cb_099,"jardinage,terre","بستنة,تراب","gardening,soil",Gants obligatoires (Toxo).,قفازات إجبارية (داء المقوسات).,Gloves mandatory (Toxo).,sante,art_008,Toxo,medium
cb_100,"piscine,chlore","مسبح,كلور","pool,chlorine",Bon sport. Douche après. Hygiène ok.,رياضة جيدة. استحمام بعده. نظافة.,Good sport. Shower after. Hygiene ok.,exercice,art_009,Sport,low
cb_101,"vélo,chute","دراجة,سقوط","bike,fall",Vélo appart ok. Vélo route risqué (chute).,دراجة منزلية موافق. دراجة طريق خطرة.,Stationary bike ok. Road bike risky.,exercice,,Sport,medium
cb_102,"concert,bruit fort","حفل,صوت عالي","concert,loud noise",Bébé entend mais liquide protège. Évitez basses.,يسمع لكن السائل يحميه. تجنبي الأصوات العالية.,Heats but fluid protects. Avoid bass.,bien_etre,,Loisir,low
cb_103,"tisane,plantes","اعشاب,شاي","herbal tea,plants","Thym, Verveine ok. Sauge déconseillée.",زعتر، لويزة موافق. ميرمية غير منصوح بها.,"Thyme, Verbena ok. Sage not advised.",nutrition,,Phyto,low
cb_104,"homéopathie,granules","هيموباثي,حبيبات","homeopathy,pellets",Sans danger. Efficacité variable.,بلا خطر. فعالية متفاوتة.,Safe. Variable efficacy.,sante,,Pharma,low
cb_105,"ostéopathe,dos","عظام,ظهر","osteopath,back",Spécialisé femme enceinte. Soulage bassin/dos.,مختص بالحوامل. يريح الحوض/الظهر.,Pregnancy specialist. Relieves pelvis/back.,sante,art_018,Osteo,low
cb_106,"acupuncture,nausées","ابر صينية,غثيان","acupuncture,nausea",Peut aider nausées/siège/accouchement.,قد تساعد في الغثيان/المقعدي/الولادة.,Can help nausea/breech/labor.,sante,art_006,MedecineDouce,low
cb_107,"chambre partagée,cododo","غرفة مشتركة,نوم","shared room,cosleeping",Recommandé 6 mois (Mort inattendue).,موصى به 6 أشهر (الموت المفاجئ).,Recommended 6 months (SIDS).,post_partum,art_044,Securite,high
cb_108,"tétine,sucette","مصاصة,لهاية","pacifier,dummy",Évitez 1er mois (confusion sein). Ok après.,تجنبي الشهر الأول (ارتباك الثدي). موافق بعدها.,Avoid 1st month (nipple confusion). Ok later.,post_partum,,Pediatre,low
cb_109,"tour de lit,doudou","واقي سرير,دبدوب","bumper,plush",Dangereux (étouffement). Lit vide !,خطر (اختناق). سرير فارغ!,Dangerous (suffocation). Empty crib!,post_partum,art_044,Securite,high
cb_110,"position dodo,bébé","وضعية نوم,طفل","sleep position,baby",TOUJOURS sur le dos. Jamais ventre/côté.,دائماً على الظهر. أبداً على البطن/الجنب.,ALWAYS on back. Never tummy/side.,post_partum,art_044,Securite,high
cb_111,"langue des signes,bébé","لغة اشارة,رضيع","sign language,baby",Top pour communiquer avant parole (6 mois+).,ممتاز للتواصل قبل الكلام (6 أشهر+).,Great to communicate before speech (6m+).,developpement,,Eveil,low
cb_112,"motricité libre,tapis","حركة حرة,سجاد","free movement,mat",Pas de youpala. Tapis sol. Laissez-le bouger.,لا للمشاية. بساط أرضي. دعيه يتحرك.,No walker. Floor mat. Let him move.,developpement,,Kine,low
cb_113,"écrans,télé","شاشات,تلفاز","screens,tv",Pas d'écran avant 3 ans. Interaction humaine !,لا شاشات قبل 3 سنوات. تفاعل بشري!,No screens before 3 years. Human interaction!,developpement,,Psy,medium
cb_114,"lecture,histoire","قراءة,قصة","reading,story",Lisez dès la naissance. Bain de langage.,اقرئي منذ الولادة. حمام لغوي.,Read from birth. Language bath.,developpement,,Eveil,low
cb_115,"massage bébé,huile","تدليك طفل,زيت","baby massage,oil",Huile végétale. Moment lien. Apaise.,زيت نباتي. لحظة تواصل. يهدئ.,Vegetable oil. Bonding time. Soothes.,post_partum,,BienEtre,low
cb_116,"grand-parents,visite","جدة,زيارة","grandparents,visit",Mettez règles. Pas de bisous si malades.,ضعي قواعد. لا قبلات إذا مرضى.,Set rules. No kisses if sick.,bien_etre,,Relation,medium
cb_117,"cordon autour cou,circulaire","حبل حول العنق,التفاف","cord around neck,nuchal",Fréquent et rarement dangereux. Médecins gèrent.,شائع ونادراً ما يكون خطيراً. الأطباء يتدبرونه.,Common and rarely dangerous. Doctors handle it.,sante,,Obs,medium
cb_118,"perte cheveux,post partum","تساقط شعر,بعد الولادة","hair loss,postpartum",Chute hormonale 3-4 mois après. Repousse après.,سقوط هرموني بعد 3-4 أشهر. ينمو مجدداً.,Hormonal drop 3-4m after. Regrows later.,bien_etre,,Dermato,low
cb_119,"ventre mou,apres","بطن رخو,بعد","soft belly,after",Il faut du temps (9 mois). Patience et sport.,يحتاج وقتاً (9 أشهر). صبر ورياضة.,Takes time (9 months). Patience and sport.,bien_etre,,Coach,low
cb_120,"retour couche,regles","رجوع دورة,حيض","period return,menstruation",6-8 sem si biberon. Plus tard si allaitement.,6-8 أسابيع مع الرضاعة الصناعية. لاحقاً مع الطبيعية.,6-8w if bottle. Later if breastfeeding.,post_partum,art_045,Gyneco,low
