week_number,title_fr,title_ar,title_en,emoji,trimester,baby_size_label_fr,baby_size_label_ar,baby_size_label_en,baby_size_cm,baby_weight_g,baby_dev_text_fr,baby_dev_text_ar,baby_dev_text_en,mom_body_text_fr,mom_body_text_ar,mom_body_text_en,warnings_text_fr,warnings_text_ar,warnings_text_en,recommended_articles_ids,recommended_supplements_ids,calendar_template_ids,baby_image_static_url,baby_3d_model_url,Subject,Corps de la maman (FR),Avertissements (FR),Articles recommandés (IDs),Compléments recommandés (IDs),Modèles de calendrier (IDs),Error
1,Semaine 1 – ### La conception,,,🌱,1er,Microscopique,,,0.1,0.1,"La fécondation vient tout juste de se produire. L'ovule fécondé, appelé zygote, commence immédiatement à se diviser et à se déplacer vers l'utérus pour s'implanter. À ce stade, vous n'êtes pas encore techniquement enceinte, car l'implantation n'a pas eu lieu.",,,"Pendant cette première semaine, qui correspond à vos dernières règles, votre corps se prépare à une éventuelle grossesse. Vous ne ressentez aucun symptôme de grossesse pour le moment.",,,Aucun symptôme d'alerte spécifique à cette semaine. Suivez votre cycle menstruel.,,,a02,s01,,week_01.png,,,,,,,,
2,Semaine 2 – ### L'ovulation,,,🌱,1er,Microscopique,,,0.1,0.1,"L'ovulation se produit et un ovule est libéré. Si la fécondation a lieu, l'ovule fécondé continue son voyage vers l'utérus. Vous n'êtes pas encore enceinte, mais votre corps se prépare à cette possibilité.",,,"C'est la semaine de l'ovulation. Vous pourriez remarquer une légère augmentation de votre libido ou une glaire cervicale plus abondante et transparente, semblable à du blanc d'œuf.",,,Aucun symptôme d'alerte spécifique. Certaines femmes ressentent une légère douleur d'un côté de l'abdomen au moment de l'ovulation (mittelschmerz).,,,"a02,a18",s01,,week_02.png,,,,,,,,
3,Semaine 3 – ### L'implantation,,,🌱,1er,Microscopique,,,0.1,0.1,"L'embryon s'implante dans la paroi utérine. C'est à ce moment que vous êtes officiellement enceinte, bien que vous ne le sachiez probablement pas encore. Les premières cellules commencent à se différencier pour former les différents tissus du corps.",,,"L'œuf fécondé voyage vers l'utérus pour s'implanter. Vous ne ressentez probablement encore rien, mais de grands changements se préparent. Certaines femmes peuvent observer un léger saignement d'implantation.",,,"Un léger spotting (quelques gouttes de sang rose ou marron) peut être un saignement d'implantation. S'il est abondant, consultez un médecin.",,,a01,s01,,week_03.png,,,,,,,,
4,Semaine 4 – ### Le test positif,,,🌱,1er,Graine de pavot (1 mm),,,1.0,0.1,"Votre test de grossesse peut désormais être positif. L'embryon forme un disque à deux couches et le sac amniotique commence à se développer. Le tube neural, qui deviendra le cerveau et la moelle épinière, commence à se former.",,,"C'est la semaine où vos règles sont attendues. Un retard est le premier signe de grossesse. Vous pourriez commencer à ressentir une sensibilité des seins, une légère fatigue ou des nausées matinales.",,,"Si vous avez un test de grossesse positif et des douleurs abdominales sévères d'un seul côté, consultez rapidement pour écarter une grossesse extra-utérine.",,,"a01,a04",s01,c13,week_04.png,,,,,,,,
5,Semaine 5 – ### Le cœur qui bat,,,🫘,1er,Graine de sésame (2 mm),,,2.0,0.1,"Le cœur de l'embryon commence à battre ! Il est encore trop tôt pour l'entendre, mais il pourrait être visible lors d'une échographie transvaginale. Les bourgeons qui formeront les bras et les jambes commencent à apparaître.",,,"Les symptômes de grossesse s'intensifient : fatigue, nausées, envies fréquentes d'uriner, seins tendus et douloureux. Les hormones de grossesse (hCG) sont en pleine augmentation.",,,Des vomissements importants qui vous empêchent de vous hydrater nécessitent un avis médical. Des saignements ou des crampes fortes doivent également vous amener à consulter.,,,"a01,a04,a07",s01,,week_05.png,,,,,,,,
6,Semaine 6 – ### Les premiers organes,,,🫘,1er,Lentille (4 mm),,,4.0,1.0,"Les organes vitaux comme le foie et les reins commencent à se former. Le tube neural se ferme. Les bourgeons des bras et des jambes s'allongent et les mains et les pieds commencent à se former. Le visage commence à prendre forme avec l'apparition des yeux, du nez et de la bouche.",,,,,,,,,,,,week_06.png,,6.0,"À six semaines de grossesse, les changements hormonaux intenses provoquent une série de symptômes bien établis. La **fatigue** est souvent écrasante, car votre corps travaille sans relâche pour soutenir le développement embryonnaire. Les **nausées matinales**, qui peuvent survenir à tout moment de la journée, sont très fréquentes et peuvent être accompagnées d'une aversion pour certains aliments ou d'un goût métallique dans la bouche. Vos seins peuvent devenir **douloureux et sensibles** au toucher. Vous pourriez également remarquer une **augmentation de la fréquence urinaire** due à l'augmentation du volume sanguin et à la pression de l'utérus en croissance sur votre vessie. Les **sautes d'humeur** sont courantes en raison des fluctuations hormonales. Il est essentiel de se reposer au maximum et de maintenir une bonne hydratation pour gérer ces premiers désagréments.","Il est crucial de rester vigilante face à certains signes. Consultez **immédiatement** votre médecin ou votre sage-femme si vous constatez des **saignements vaginaux abondants** (plus qu'un simple *spotting* léger) ou si vous ressentez des **douleurs abdominales aiguës et persistantes**, car cela pourrait indiquer une fausse couche ou une grossesse extra-utérine. De même, une **fièvre élevée** ou des **vomissements si sévères** que vous ne parvenez pas à garder de liquides (hyperémèse gravidique) nécessitent une attention médicale urgente pour éviter la déshydratation. N'hésitez jamais à contacter un professionnel de santé si vous avez le moindre doute ou si un symptôme vous inquiète. Votre bien-être et celui de votre bébé sont la priorité absolue.","a01,a02,a03,a04","s01,s02","c01,c02",
7,Semaine 7 – ### Le développement cérébral,,,🫘,1er,Myrtille (8 mm),,,8.0,1.0,"Le cerveau se développe rapidement. Les hémisphères cérébraux commencent à se former. Les bras et les jambes continuent de s'allonger, et les doigts et les orteils commencent à apparaître. Le cordon ombilical est maintenant clairement visible.",,,,,,,,,,,,week_07.png,,7.0,"À sept semaines de grossesse (9 SA), votre corps est en pleine transformation pour soutenir le développement rapide de votre embryon, désormais de la taille d'un grain de raisin. L'augmentation du volume sanguin, qui peut atteindre jusqu'à 50 % à terme, peut vous donner une sensation de soif accrue. Votre utérus, ayant la taille d'un citron, commence son expansion. Les symptômes du premier trimestre sont souvent à leur apogée : nausées matinales, fatigue intense et sautes d'humeur sont fréquents. Vous pourriez également remarquer un goût métallique dans la bouche, des seins plus sensibles, des maux de tête et une aversion ou un désir soudain pour certains aliments. Ces désagréments sont le signe que vos hormones travaillent sans relâche pour assurer le bon déroulement de cette étape cruciale [1].","Il est essentiel de rester vigilante face à certains signaux. Si vous constatez des **saignements vaginaux** équivalents ou supérieurs à des règles, surtout s'ils sont accompagnés de **douleurs abdominales intenses** ou de **crampes utérines** persistantes, vous devez consulter immédiatement un professionnel de santé [2]. De même, une forte fièvre (38°C ou plus), des maux de tête qui ne passent pas, des troubles de la vision, ou un gonflement soudain et généralisé nécessitent une attention médicale urgente [3]. N'hésitez jamais à contacter votre médecin ou votre sage-femme si vous avez le moindre doute. Il vaut toujours mieux vérifier pour être rassurée. Votre bien-être et celui de votre bébé sont la priorité absolue.","a01,a02,a03,a04,a05","s01,s02","c01,c02",
8,Semaine 8 – ### Un petit embryon complet,,,🫘,1er,"Framboise (1,6 cm)",,,1.6,1.0,Tous les organes essentiels sont formés. L'embryon a maintenant une apparence plus humaine. Les caractéristiques faciales continuent de se développer. Les membres s'allongent et les articulations commencent à se former. Le cœur bat maintenant à environ 150 battements par minute.,,,,,,,,,,,,week_08.png,,8.0,"À 8 semaines de grossesse (10 SA), les symptômes du premier trimestre sont généralement bien installés. La **fatigue** est souvent marquée, il est donc crucial de s'accorder du repos. Les **nausées et vomissements** peuvent persister, mais devraient commencer à s'atténuer au début du deuxième trimestre. Pour les gérer, privilégiez des repas légers et fréquents et assurez-vous de rester bien hydratée. Votre utérus en expansion commence à exercer une pression sur votre vessie, entraînant des **envies fréquentes d'uriner**. Vous pourriez également ressentir des **douleurs légères à modérées dans le bas-ventre** et le dos, ainsi qu'une **sensibilité accrue** à certaines odeurs ou aliments. Bien que votre ventre ne soit pas encore arrondi, il peut être **gonflé et un peu dur** en raison des changements internes. Ces désagréments sont le signe que votre corps travaille intensément pour soutenir le développement de votre bébé.","Il est essentiel de rester vigilante face à certains signaux d'alerte. Consultez immédiatement un professionnel de santé en cas de **saignements vaginaux abondants** ou s'ils s'accentuent, de **maux de tête sévères** accompagnés de troubles de la vision ou de douleurs en barre à l'estomac. Une **fièvre** inexpliquée, un **évanouissement** ou une **enflure généralisée** nécessitent également une attention médicale urgente. N'hésitez jamais à contacter votre médecin ou votre sage-femme si des symptômes vous **inquiètent** ou **impactent négativement** votre quotidien. Une prise en charge rapide est la meilleure garantie pour votre santé et celle de votre bébé.","a01,a02,a03,a04,a05",s01,"c01,c02",
9,Semaine 9 – ### La transition vers le fœtus,,,🍋,1er,"Olive (2,3 cm)",,,2.3,2.0,"L'embryon est maintenant appelé fœtus. Les organes génitaux commencent à se développer, mais il est encore trop tôt pour déterminer le sexe à l'échographie. Les doigts et les orteils sont bien formés. Le fœtus peut faire de petits mouvements, mais vous ne les sentez pas encore.",,,,,,,,,,,,week_09.png,,9.0,"À la neuvième semaine de grossesse, les symptômes du premier trimestre sont souvent à leur apogée. La **fatigue** est généralement intense, car votre corps travaille sans relâche pour soutenir le développement rapide de l'embryon. Les **nausées** et les vomissements, communément appelés «maladie matinale», peuvent survenir à tout moment de la journée. Vous pourriez également remarquer une augmentation des **sautes d'humeur** et une sensibilité accrue des seins. Bien que ces désagréments soient fréquents et témoignent du bon déroulement de la grossesse, ils peuvent être éprouvants. Il est essentiel de vous reposer dès que possible et de privilégier des repas légers et fréquents pour gérer les nausées. Ces symptômes devraient commencer à s'atténuer à l'approche du deuxième trimestre.","Il est important de rester attentive à certains signaux d'alerte. Si vous constatez des **saignements vaginaux** abondants (plus qu'une légère trace) ou des **douleurs abdominales** intenses et persistantes, semblables à de fortes crampes, contactez immédiatement votre professionnel de santé. De même, une **fièvre** supérieure à 38°C, des **maux de tête** qui ne disparaissent pas, ou des **vomissements** si fréquents que vous ne parvenez plus à vous hydrater (signes d'hyperémèse gravidique) nécessitent une consultation urgente. Dans la grande majorité des cas, tout va bien, mais il est crucial de ne jamais hésiter à demander un avis médical pour écarter tout risque et vous rassurer.","a03,a05,a08,a12","s01,s03","c01,c03",
10,Semaine 10 – ### Les premiers mouvements,,,🍋,1er,"Prune (3,1 cm)",,,3.1,4.0,"Le fœtus commence à bouger activement, bien que vous ne puissiez pas encore le sentir. Les paupières sont formées et recouvrent partiellement les yeux. Les dents commencent à se former sous les gencives. Le foie commence à produire des globules rouges.",,,,,,,,,,,,week_10.png,,10.0,"À 10 semaines de grossesse, vous êtes en plein cœur du premier trimestre, et les symptômes de début de grossesse sont souvent à leur apogée. Les nausées et les vomissements, souvent appelés «maladie matinale», peuvent survenir à tout moment de la journée. La fatigue est également très présente, car votre corps travaille intensément pour soutenir le développement rapide de votre bébé. Vous pourriez remarquer que vos seins sont plus sensibles et volumineux. Des changements d'humeur, une sensibilité accrue aux odeurs et des ballonnements sont fréquents. Bien que votre ventre ne soit pas encore très visible, votre utérus continue de grossir, ce qui peut entraîner des envies d'uriner plus fréquentes. Ces désagréments sont normaux et tendent à s'atténuer au cours du deuxième trimestre.","Il est crucial de rester vigilante face à certains signes. Consultez **immédiatement** votre professionnel de santé ou rendez-vous aux urgences si vous présentez : des **saignements vaginaux abondants** (plus qu'une légère trace), des **douleurs abdominales intenses** ou des crampes sévères, des **vomissements incoercibles** (incapacité de garder des liquides ou des aliments) pouvant mener à une déshydratation. Les signes de déshydratation incluent une urine foncée, une soif extrême ou des étourdissements. De plus, une **fièvre supérieure à 38°C**, des **maux de tête violents** qui ne passent pas, des **troubles de la vision** ou une **douleur ou sensation de brûlure en urinant** nécessitent une consultation urgente. N'hésitez jamais à consulter en cas de doute, même minime, pour vous et votre bébé, votre sécurité est notre priorité.","a01,a02,a03,a04,a05","s01,s02",c01,
11,Semaine 11 – ### Le développement des traits du visage,,,🍋,1er,"Figue (4,1 cm)",,,4.1,7.0,"Le visage est bien formé avec un nez et des lèvres distincts. Les oreilles se déplacent vers leur position finale. Le fœtus peut maintenant ouvrir et fermer sa bouche, et même avoir le hoquet. Les organes génitaux continuent de se développer.",,,,,,,,,,,,week_11.png,,11.0,"À 11 semaines de grossesse, vous approchez de la fin du premier trimestre, et pour beaucoup, c'est le début d'une amélioration notable. La fatigue intense et les nausées matinales, bien que toujours présentes pour certaines, commencent souvent à s'estomper. Votre corps travaille activement, et l'augmentation du volume sanguin peut entraîner une miction plus fréquente. Vos seins restent sensibles et peuvent avoir augmenté de volume. Il est possible que votre ventre commence à s'arrondir légèrement, même si cela est plus perceptible pour les grossesses suivantes. Les troubles digestifs comme l'indigestion et les ballonnements sont courants. Profitez de cette période pour retrouver un peu d'énergie et maintenir une alimentation équilibrée, riche en nutriments essentiels pour vous et le développement rapide de votre bébé.","Il est crucial de rester vigilante face à certains signes. Consultez immédiatement un professionnel de la santé si vous constatez des saignements vaginaux abondants, des douleurs abdominales intenses ou des crampes sévères, ou si vous perdez du liquide amniotique. Une fièvre élevée (supérieure à 38°C) non expliquée, des maux de tête persistants et violents, ou des troubles de la vision nécessitent également une attention médicale urgente. N'hésitez jamais à contacter votre médecin ou la maternité en cas de doute ou d'inquiétude. Votre bien-être et celui de votre bébé sont la priorité absolue.","a01,a02,a03,a04","s01,s02","c01,c02",
12,Semaine 12 – ### La formation des empreintes digitales,,,🍋,1er,"Citron vert (5,4 cm)",,,5.4,14.0,"Les empreintes digitales uniques de votre bébé se forment. Le système digestif commence à s'exercer en avalant du liquide amniotique. Les reins commencent à produire de l'urine qui est libérée dans le liquide amniotique. Le squelette, jusqu'ici cartilagineux, commence à s'ossifier.",,,,,,,,,,,,week_12.png,,12.0,"La 12e semaine de grossesse marque la fin du premier trimestre, souvent synonyme d'une amélioration notable de votre bien-être. Les nausées et la fatigue intense, symptômes fréquents des premières semaines, tendent à s'estomper. Votre utérus, ayant atteint la taille d'un pamplemousse, commence à se redresser et à sortir du bassin, ce qui peut soulager la pression sur votre vessie et diminuer le besoin fréquent d'uriner. Cependant, votre ventre commence à s'arrondir et vos vêtements habituels peuvent devenir serrés. Vous pourriez également remarquer une augmentation de la taille et de la sensibilité de vos seins, ainsi que l'apparition de colostrum. Les sautes d'humeur peuvent persister en raison des fluctuations hormonales, mais l'énergie revient progressivement, vous permettant de profiter davantage de cette période.","Bien que le risque de fausse couche diminue significativement après la 12e semaine, il est crucial de rester vigilante. Consultez immédiatement un professionnel de santé si vous constatez des saignements vaginaux abondants, des douleurs abdominales ou pelviennes intenses et persistantes, ou une perte de liquide amniotique. De même, une fièvre élevée (supérieure à 38,5°C) sans cause apparente, des maux de tête violents accompagnés de troubles de la vision, ou des vomissements si sévères qu'ils empêchent toute hydratation, nécessitent une évaluation médicale urgente. Votre santé et celle de votre bébé sont notre priorité.","a01,a02,a03,a04,a05","s01,s02","c01,c02",
13,Semaine 13 – ### La fin du premier trimestre,,,🥑,1er,"Pêche (7,4 cm)",,,7.4,23.0,"Félicitations, vous avez terminé le premier trimestre ! Le risque de fausse couche diminue considérablement. Le fœtus a maintenant tous ses organes, bien qu'ils continuent à se développer et à mûrir. Les cordes vocales se forment. Le fœtus peut sucer son pouce et faire des expressions faciales.",,,,,,,,,,,,week_13.png,,13.0,"La 13e semaine marque la fin du premier trimestre et le début du second, souvent appelé l'âge d'or de la grossesse. Pour beaucoup de femmes, les symptômes désagréables du début, comme les nausées et la fatigue intense, commencent à s'estomper, laissant place à un regain d'énergie et de bien-être. Cependant, de nouveaux symptômes peuvent apparaître. L'utérus, qui grandit rapidement, peut provoquer des douleurs ligamentaires rondes, ressenties comme des tiraillements dans le bas-ventre ou l'aine. Les seins continuent de se développer et peuvent devenir plus sensibles. Une augmentation des pertes vaginales (leucorrhées) est également fréquente. Vous pourriez remarquer une amélioration de votre appétit et une stabilisation de votre humeur.","Bien que le risque de fausse couche diminue significativement à ce stade, il est crucial de rester attentive aux signes d'alerte. Consultez immédiatement un professionnel de la santé en cas de saignements vaginaux abondants, de douleurs abdominales ou pelviennes intenses et persistantes, ou de fièvre supérieure à 38°C. Une attention particulière doit être portée aux maux de tête sévères et persistants, aux troubles de la vision (vision floue, taches lumineuses), ou à un gonflement soudain et extrême des mains, du visage ou des jambes, qui pourraient indiquer une complication plus sérieuse. N'hésitez jamais à contacter votre médecin ou la maternité si vous avez le moindre doute ou une inquiétude.","a01, a02, a03, a04, a05","s01, s02","c01, c02",
14,Semaine 14 – ### Le développement des sens,,,🥑,2ème,"Citron (8,7 cm)",,,8.7,43.0,"Votre bébé commence à développer son sens du toucher et peut porter ses mains à son visage. Ses organes sensoriels poursuivent leur développement. Les yeux, bien que fermés, peuvent percevoir la lumière. Le système immunitaire commence à se former. Les mouvements deviennent plus coordonnés.",,,,,,,,,,,,week_14.png,,14.0,"La 14e semaine marque le début du deuxième trimestre, souvent surnommé la « lune de miel » de la grossesse. Pour beaucoup de futures mères, c'est une période de regain d'énergie et de diminution des nausées matinales. Votre utérus continue de grandir, et votre ventre commence à s'arrondir de manière plus visible. L'augmentation du volume sanguin et les changements hormonaux peuvent provoquer des symptômes tels que des saignements de nez occasionnels et des vertiges. Vous pourriez également remarquer des changements cutanés, comme le fameux « masque de grossesse » (mélasma) ou une amélioration de l'éclat de votre peau. Des douleurs dans le bas du dos sont fréquentes, il est donc important de maintenir une bonne posture et de pratiquer une activité physique douce et adaptée pour soulager ces tensions.","Bien que le deuxième trimestre soit généralement plus confortable, certains signaux d'alarme ne doivent jamais être ignorés. Consultez immédiatement un professionnel de la santé ou rendez-vous à l'hôpital si vous présentez : des **saignements vaginaux** importants, des **douleurs abdominales sévères** (surtout si elles sont en barre), des **maux de tête intenses** accompagnés de troubles de la vision, une **fièvre** élevée, ou un **gonflement soudain et généralisé** (mains, visage, jambes). Ces symptômes peuvent indiquer une complication nécessitant une évaluation médicale urgente. N'hésitez jamais à contacter votre équipe de soins si vous avez le moindre doute ou si votre état général se détériore.","a03,a05,a07,a11",s01,c01,
15,Semaine 15 – ### La croissance des cheveux,,,🥑,2ème,"Pomme (10,1 cm)",,,10.1,70.0,Les premiers cheveux fins commencent à apparaître sur la tête de votre bébé. Un duvet appelé lanugo recouvre également son corps pour le protéger. Les os continuent de se développer et deviennent plus solides. Le fœtus peut désormais faire des grimaces et froncer les sourcils.,,,,,,,,,,,,week_15.png,,15.0,"La quinzième semaine de grossesse marque souvent une période de regain d'énergie, typique du deuxième trimestre. Cependant, votre corps continue son adaptation rapide. L'utérus en pleine croissance peut provoquer des **douleurs ligamentaires rondes**, de brèves sensations de tiraillement sur les côtés du ventre. Une **augmentation des pertes vaginales** (leucorrhée) est un phénomène normal, dû à l'accroissement du flux sanguin dans la région pelvienne. Vous pourriez également remarquer des **saignements de nez** ou des **gencives plus sensibles**, ainsi que des **maux de tête** occasionnels. Votre peau peut présenter des changements, comme une légère augmentation de la production de sébum ou l'apparition de taches brunes (chloasma). Il est essentiel de vous reposer lorsque vous en ressentez le besoin et de maintenir une bonne hydratation.","Votre santé et celle de votre bébé sont notre priorité. Bien que la plupart des symptômes soient bénins, certains signes nécessitent une consultation médicale **immédiate**. Ne tardez jamais à contacter votre professionnel de santé ou à vous rendre aux urgences si vous constatez : des **saignements vaginaux** importants (plus que de légères traces), une **fièvre** supérieure à 38°C, des **maux de tête sévères** qui ne s'atténuent pas ou s'aggravent, des **troubles de la vision** ou des **douleurs abdominales intenses** et persistantes. De même, un **gonflement extrême** et soudain du visage ou des mains, ou des **pertes vaginales** malodorantes ou de couleur anormale, doivent vous alerter. En cas de doute, consultez sans hésiter.","a01,a02,a03,a04,a05","s01,s02","c01,c02",
16,Semaine 16 – ### L'éveil des sens,,,🥑,2ème,Avocat (16 cm),,,16.0,150.0,Votre bébé commence à entendre les sons extérieurs et peut réagir à la lumière vive. Ses yeux peuvent désormais percevoir la lumière même s'ils restent fermés. Son squelette continue de se développer et ses os se renforcent.,,,,,,,,,,,,week_16.png,,16.0,"La seizième semaine marque une période souvent agréable de la grossesse, le deuxième trimestre étant surnommé la ""lune de miel"" de la grossesse. Les nausées et la fatigue du premier trimestre s'estompent généralement, laissant place à un regain d'énergie. Votre utérus continue de grandir, ce qui peut entraîner des **douleurs ligamentaires rondes** (douleurs sur les côtés de l'abdomen) à mesure que les ligaments de soutien s'étirent. Vous pourriez également commencer à ressentir les premiers mouvements de votre bébé, appelés **quickening**, bien que cela puisse prendre quelques semaines de plus. D'autres symptômes courants incluent des maux de tête, des saignements de nez, des gencives enflées, et une peau plus grasse ou plus lumineuse. La constipation et les brûlures d'estomac peuvent persister ou apparaître, nécessitant une attention particulière à l'alimentation et à l'hydratation [1] [2].","Bien que le deuxième trimestre soit plus serein, il est crucial de rester vigilante. **Consultez immédiatement** un professionnel de la santé si vous présentez l'un des signes d'alerte suivants : **saignements vaginaux** (plus que de légères taches), **douleurs abdominales intenses** ou crampes qui ne passent pas, **fièvre** supérieure à 38°C, **maux de tête persistants et sévères** qui ne sont pas soulagés par le repos ou le paracétamol, **gonflement soudain et important** des mains, du visage ou des chevilles, ou des **changements de vision** (vision floue, taches). Ces symptômes peuvent indiquer des complications sérieuses comme une pré-éclampsie ou un problème placentaire. N'hésitez jamais à appeler votre maternité ou les urgences en cas de doute [3] [4].","a03,a05,a07,a11,a14,a19","s01,s03,s04","c02,c03",
17,Semaine 17 – ### Le développement des glandes sudoripares,,,🍐,2ème,Poire (13 cm),,,13.0,140.0,"Les glandes sudoripares de votre bébé se développent. Le tissu adipeux commence à se former sous la peau, ce qui l'aidera à réguler sa température après la naissance. Le cordon ombilical devient plus épais et plus fort. Si c'est une fille, son utérus et ses ovaires sont en place.",,,,,,,,,,,,week_17.png,,17.0,"À 17 semaines de grossesse, votre corps continue de s'adapter à la croissance rapide de votre bébé. Vous pourriez remarquer que votre ventre s'est bien arrondi, car votre utérus monte et sort de votre bassin. Cette croissance peut entraîner des **douleurs ligamentaires rondes**, ressenties comme des élancements ou des douleurs sur les côtés de l'abdomen, généralement bénignes.

Le deuxième trimestre est souvent synonyme d'un regain d'énergie, mais la fatigue et les problèmes de sommeil peuvent persister. D'autres symptômes courants incluent des **étourdissements** dus à l'augmentation du flux sanguin, des **saignements de nez** ou des **gencives enflées et sensibles**. C'est également le moment où vous pourriez commencer à sentir les premiers mouvements de votre bébé, souvent décrits comme des bulles ou des battements d'ailes. L'apparition de **vergetures** sur le ventre et les seins est fréquente, ainsi que l'assombrissement de la peau (chloasma ou ligne brune).","Bien que la plupart des symptômes soient normaux, certains signes nécessitent une consultation médicale immédiate. **Ne les ignorez jamais.**

Consultez sans tarder si vous présentez : des **saignements vaginaux abondants** ou un écoulement de liquide, des **maux de tête sévères** qui ne disparaissent pas, des **changements de vision** (vision floue, taches), une **fièvre** supérieure à 38°C, des **douleurs abdominales intenses** ou des **vomissements persistants**. Une douleur ou un gonflement soudain et important dans une jambe pourrait indiquer une thrombose. En cas de doute, contactez votre sage-femme ou votre médecin. Mieux vaut consulter pour rien que de prendre un risque.","a05,a07,a12,a15,a18,a22","s01,s02,s03","c01,c02",
18,Semaine 18 – ### Les premiers mouvements ressentis,,,🍐,2ème,"Poivron (14,2 cm)",,,14.2,190.0,"Vous pourriez commencer à sentir les mouvements de votre bébé, souvent décrits comme des ""papillons"" ou des ""bulles"". Les oreilles ont maintenant leur position définitive sur les côtés de la tête. Les yeux font face vers l'avant plutôt que sur les côtés. Le système digestif continue de se développer.",,,,,,,,,,,,week_18.png,,18.0,"La 18e semaine de grossesse est souvent un moment mémorable, car vous pourriez ressentir les **premiers mouvements de votre bébé** [1]. Ces sensations, initialement subtiles comme des bulles ou des papillonnements, sont appelées le *quickening*. Votre corps continue de s'adapter à la croissance de l'utérus, ce qui peut entraîner une certaine maladresse et l'apparition de la **ligne noire** (*linea nigra*) sur votre ventre [1]. Parmi les désagréments courants, on retrouve les **vertiges** dus à une pression artérielle plus basse, les **douleurs ligamentaires rondes** sur les côtés de l'abdomen, ainsi que les **crampes dans les jambes** et la **congestion nasale** [1]. Il est essentiel de vous reposer et de maintenir une bonne hydratation pour gérer ces symptômes.","Bien que le deuxième trimestre soit généralement plus confortable, certains signes nécessitent une attention médicale immédiate. **Consultez sans délai** si vous présentez des **saignements vaginaux** importants ou persistants, des **douleurs abdominales aiguës** qui ne s'atténuent pas, ou une **fièvre élevée** (supérieure à 38,5°C) [2]. De même, des **maux de tête intenses et soudains**, des **troubles de la vision** (vision floue, taches lumineuses) ou un **gonflement soudain et excessif** du visage et des mains peuvent indiquer une complication [2]. Dans tous les cas, si vous avez un doute ou si vous ressentez une diminution notable des mouvements fœtaux (une fois qu'ils sont bien établis), contactez votre professionnel de santé.","a01,a02,a03,a04,a05,a06","s01,s02",c01,
19,Semaine 19 – ### Le développement du vernix,,,🍐,2ème,"Mangue (15,3 cm)",,,15.3,240.0,Une substance crémeuse appelée vernix caseosa commence à recouvrir la peau de votre bébé pour la protéger du liquide amniotique. Les mouvements deviennent plus forts et plus réguliers. Le système nerveux continue de se développer rapidement. Les sens du goût et de l'odorat s'affinent.,,,,,,,,,,,,week_19.png,,19.0,"À 19 semaines de grossesse, vous pourriez ressentir les mouvements de votre bébé de manière plus distincte, souvent décrits comme de légers battements ou des bulles. C'est une étape marquante de votre grossesse. L'expansion de votre utérus peut provoquer des **douleurs ligamentaires rondes**, une sensation de tiraillement sur les côtés de l'abdomen. Les désagréments digestifs tels que les **brûlures d'estomac, l'indigestion et la constipation** sont fréquents en raison des changements hormonaux. Le sommeil peut devenir plus difficile ; essayez de dormir sur le côté avec des oreillers pour soutenir votre ventre et vos jambes. Des symptômes circulatoires comme les **crampes aux jambes, les étourdissements et la sensation de chaleur** sont également courants, tout comme l'apparition de vergetures ou de changements cutanés.","Il est essentiel de rester attentive à certains signaux d'alerte. Consultez **immédiatement** un professionnel de la santé si vous constatez des **saignements vaginaux** (rouge vif ou marron), des **douleurs abdominales sévères** ou des **crampes persistantes**. Une **fièvre** supérieure à 38°C, des **maux de tête intenses** et persistants, ou un **gonflement soudain** du visage, des mains ou des pieds nécessitent également une évaluation urgente. Bien que les mouvements fœtaux puissent être subtils, signalez toute **absence ou diminution significative** des mouvements ressentis. Votre vigilance est votre meilleur atout pour garantir le bien-être de votre bébé et le vôtre.","a04,a07,a12,a15,a21","s01,s03","c01,c03",
20,Semaine 20 – ### À mi-parcours,,,🍐,2ème,"Banane (16,4 cm)",,,16.4,300.0,"Vous êtes à mi-chemin de votre grossesse ! Lors de l'échographie morphologique, on peut examiner en détail les organes et la structure de votre bébé. Les ongles ont poussé jusqu'au bout des doigts. Les dents de lait se forment sous les gencives. Le méconium commence à s'accumuler dans les intestins.",,,,,,,,,,,,week_20.png,,20.0,"Félicitations, vous êtes à mi-parcours de votre grossesse ! À 20 semaines (22 SA), votre utérus atteint le niveau de votre nombril, rendant votre ventre bien visible. Vous pourriez ressentir une **augmentation de l'énergie** et une diminution des nausées, caractéristiques du deuxième trimestre. Le symptôme le plus marquant est souvent la perception des **mouvements de votre bébé** (appelés *quickening*), qui se manifestent par de légers battements, des bulles ou des frémissements. Votre corps continue de s'adapter : des douleurs ligamentaires rondes peuvent survenir sur les côtés de l'abdomen à mesure que l'utérus grandit. Les problèmes de sommeil dus aux crampes nocturnes dans les jambes sont fréquents ; étirer le mollet ou masser la zone peut aider. D'autres désagréments courants incluent les brûlures d'estomac, les étourdissements, et potentiellement l'apparition de vergetures ou de taches sombres sur la peau (chloasma). Il est essentiel de maintenir une bonne hydratation et de pratiquer des exercices doux pour gérer ces symptômes.","Votre bien-être et celui de votre bébé sont notre priorité. Bien que la 20e semaine soit généralement sereine, certains signes nécessitent une consultation médicale **immédiate**. Ne tardez jamais si vous constatez des **saignements vaginaux** importants, des **douleurs abdominales intenses** et persistantes, ou une **fièvre** supérieure à 38°C. De même, une **diminution notable des mouvements du bébé** après les avoir ressentis est un signal d'alerte important. Si vous présentez des **maux de tête sévères**, des **troubles de la vision** (vision floue, taches lumineuses) ou un **gonflement soudain** du visage, des mains ou des pieds, cela pourrait indiquer une pré-éclampsie et requiert une évaluation urgente. En cas de doute, contactez sans hésiter votre professionnel de santé ou rendez-vous aux urgences. Il vaut toujours mieux vérifier.","a05,a06,a07,a08,a09","s03,s04","c03,c04",
21,Semaine 21 – ### Le développement des sourcils et des cils,,,🥭,2ème,"Carotte (26,7 cm)",,,26.7,360.0,"Les sourcils et les cils de votre bébé sont maintenant bien visibles. Sa peau s'épaissit et devient moins transparente. Les mouvements sont désormais clairement perceptibles. Le système immunitaire continue de se renforcer. Si c'est un garçon, les testicules commencent à descendre vers le scrotum.",,,,,,,,,,,,week_21.png,,21.0,"La 21e semaine marque le début du sixième mois de grossesse, une période où les changements physiques deviennent plus prononcés. L'utérus continue de s'étendre, et vous pourriez ressentir une **douleur ligamentaire ronde** (ou *round ligament pain*), une sensation de tiraillement ou de crampe sur les côtés de l'abdomen, due à l'étirement des ligaments qui soutiennent votre utérus. Les mouvements de votre bébé sont désormais plus fréquents et plus forts, vous permettant de mieux vous connecter à lui. Avec l'expansion de l'abdomen, la peau peut s'étirer, provoquant des **démangeaisons** et l'apparition potentielle de **vergetures**. De plus, la pression exercée par l'utérus sur les organes digestifs peut entraîner des **brûlures d'estomac** ou des **remontées acides**, tandis que la rétention d'eau et les changements circulatoires peuvent causer un léger **gonflement** des pieds et des chevilles.","Il est essentiel de rester vigilante face à certains signaux d'alerte, même si le deuxième trimestre est généralement plus confortable. **Consultez immédiatement un professionnel de la santé** si vous constatez des **saignements vaginaux** ou une **perte de liquide amniotique**. Soyez également attentive aux signes de pré-éclampsie, notamment des **maux de tête sévères** et persistants, des **troubles de la vision** (tels que des flashs ou une vision floue), ou des **douleurs abdominales intenses** en barre. Une **fièvre** inexpliquée ou une **absence prolongée de mouvements fœtaux** après les avoir sentis régulièrement sont aussi des motifs de consultation urgente. N'hésitez jamais à contacter votre équipe médicale en cas de doute ; il est toujours préférable de vérifier.","a01,a02,a03,a04","s01,s02,s03","c01,c02",
22,Semaine 22 – ### Le développement des sens,,,🥭,2ème,"Papaye (27,8 cm)",,,27.8,430.0,"Les sens de votre bébé continuent de se développer. Il peut désormais goûter le liquide amniotique, qui change de saveur selon ce que vous mangez. Les poumons commencent à s'exercer en ""respirant"" du liquide amniotique. Les lèvres deviennent plus distinctes et le nez prend sa forme définitive.",,,,,,,,,,,,week_22.png,,22.0,"À 22 semaines de grossesse, vous êtes au cœur du deuxième trimestre, souvent considéré comme le plus agréable. Cependant, l'augmentation du volume sanguin et la croissance de l'utérus peuvent entraîner de nouveaux symptômes. Les **mouvements de votre bébé** deviennent plus distincts, passant de légers ""flutters"" à de véritables coups. Vous pourriez remarquer l'apparition de **vergetures** sur le ventre, les seins ou les cuisses, ainsi que des **douleurs ligamentaires rondes** causées par l'étirement de l'utérus. Les **jambes lourdes** et les **crampes nocturnes** sont fréquentes, tout comme l'**essoufflement** dû à la pression sur le diaphragme. Une bonne hydratation et des exercices doux peuvent aider à gérer ces désagréments. Il est également possible que vous ressentiez des **maux de tête** ou des **étourdissements** passagers. (117 mots)","Il est essentiel de rester vigilante face à certains signes qui nécessitent une consultation médicale **immédiate**. Si vous ressentez des **maux de tête intenses et persistants** qui ne cèdent pas au repos ou aux antalgiques, des **troubles de la vision** (flou, taches lumineuses), ou un **gonflement soudain et important** des mains ou du visage, contactez votre médecin ou les urgences. Ces symptômes peuvent être des signes de pré-éclampsie. De même, une **diminution ou un arrêt des mouvements du bébé**, des **saignements vaginaux** (plus qu'un simple *spotting*), une **fièvre supérieure à 38°C**, ou des **douleurs abdominales aiguës** qui ne passent pas, sont des urgences. N'hésitez jamais à consulter si vous avez un doute : il vaut mieux une consultation pour rien qu'un risque non identifié. (118 mots)","a01,a03,a05,a07,a09,a11","s01,s02","c03,c04",
23,Semaine 23 – ### Le développement des poumons,,,🥭,2ème,"Aubergine (28,9 cm)",,,28.9,500.0,"Les poumons de votre bébé commencent à produire du surfactant, une substance qui les aidera à se déployer après la naissance. Les mouvements oculaires rapides commencent, indiquant des périodes de sommeil paradoxal. La moelle osseuse commence à produire des globules sanguins.",,,,,,,,,,,,week_23.png,,23.0,"À 23 semaines de grossesse, vous êtes bien installée dans le deuxième trimestre, souvent considéré comme le plus agréable. Votre ventre est désormais bien visible, et vous pourriez ressentir des douleurs au niveau des côtes ou un léger essoufflement, car l'utérus en croissance exerce une pression sur votre cage thoracique et vos poumons. Les mouvements de votre bébé sont de plus en plus intenses et réguliers, vous permettant d'établir un rythme. Il est possible que vos seins commencent à produire du **colostrum**, le premier lait. D'autres symptômes courants incluent les maux de dos, les crampes aux jambes, l'indigestion et un gonflement léger des pieds et des chevilles. Il est essentiel de se reposer et de surveiller l'intensité des mouvements fœtaux.","Votre bien-être et celui de votre bébé sont notre priorité. Si vous ressentez l'un des symptômes suivants, il est **impératif de consulter immédiatement** votre médecin ou votre sage-femme : des saignements vaginaux, une perte de liquide, des maux de tête intenses et persistants, des troubles de la vision (taches, flou), une douleur abdominale ou thoracique sévère, ou un gonflement soudain et important du visage, des mains ou des jambes. De même, si vous constatez une **diminution ou un arrêt des mouvements de votre bébé**, ne tardez pas à contacter les urgences. Ces signes peuvent indiquer une complication nécessitant une attention médicale urgente. Faites confiance à votre instinct et n'hésitez jamais à demander de l'aide.","a01,a02,a03,a04,a05","s01,s02","c01,c02",
24,Semaine 24 – ### La viabilité,,,🥭,2ème,Maïs (30 cm),,,30.0,600.0,"Votre bébé atteint le stade de viabilité, ce qui signifie qu'il aurait une chance de survie en cas de naissance prématurée, avec des soins médicaux intensifs. Les empreintes digitales et plantaires sont complètement formées. Les poumons continuent de se développer mais ne sont pas encore matures.",,,,,,,,,,,,week_24.png,,24.0,"À 24 semaines de grossesse, vous êtes bien installée dans le deuxième trimestre. Votre utérus continue de s'étendre, ce qui peut entraîner des douleurs ligamentaires rondes, ressenties comme des tiraillements sur les côtés de votre ventre [1]. Il est également fréquent de ressentir une augmentation de l'appétit. La prise de poids est normale, mais il n'est pas nécessaire de manger ""pour deux"" [1]. Les symptômes courants incluent également la fatigue, des problèmes de sommeil, des maux de dos, des indigestions, des brûlures d'estomac, des crampes dans les jambes, et un gonflement des mains et des pieds [1]. Vous pourriez aussi remarquer des changements cutanés, comme le chloasma (masque de grossesse) ou une peau plus grasse [1]. C'est une période où les mouvements de votre bébé deviennent plus réguliers et perceptibles, ce qui est un signe rassurant de son développement.","Votre santé et celle de votre bébé sont notre priorité. Consultez **immédiatement** un professionnel de la santé si vous présentez l'un des signes d'alerte suivants [2] :
*   **Maux de tête sévères** qui ne disparaissent pas ou s'aggravent.
*   **Changements de vision** (vision floue, taches lumineuses).
*   **Douleur abdominale sévère** qui ne s'atténue pas.
*   **Saignements vaginaux** plus importants que de légères taches.
*   **Diminution ou arrêt des mouvements du bébé**.
*   **Fièvre** supérieure à 38°C.
*   **Gonflement extrême** et soudain des mains ou du visage.
Ces symptômes peuvent indiquer une complication sérieuse nécessitant une intervention rapide. N'hésitez jamais à consulter en cas de doute.","a03,a05,a12,a18","s01,s03","c01,c03",
25,Semaine 25 – ### L'ouverture des narines,,,🥥,2ème,"Chou-fleur (34,6 cm)",,,34.6,660.0,"Les narines de votre bébé, jusqu'ici fermées, commencent à s'ouvrir, lui permettant de pratiquer la respiration. Son sens de l'équilibre se développe. Il réagit de plus en plus aux sons extérieurs et peut sursauter en réponse à des bruits forts. Les poumons continuent leur maturation.",,,,,,,,,,,,week_25.png,,25.0,"À 25 semaines de grossesse, vous êtes bien installée dans le deuxième trimestre, et votre ventre continue de s'arrondir. Il est fréquent de ressentir des douleurs au dos et aux hanches, souvent dues à la pression exercée par l'utérus en croissance sur le nerf sciatique, un phénomène connu sous le nom de sciatique. Vous pourriez également remarquer un gonflement (œdème) au niveau des mains, des pieds et du visage, causé par la rétention d'eau. Bien que généralement bénin, il est important de le signaler à votre sage-femme ou à votre médecin. Les troubles digestifs comme les brûlures d'estomac et les indigestions sont aussi courants, car votre bébé prend de plus en plus de place. Enfin, vous pourriez être plus sensible aux infections urinaires et vaginales, et les mouvements de votre bébé sont désormais plus fréquents et plus perceptibles.","Votre bien-être et celui de votre bébé sont notre priorité. Si vous constatez l'un des signes suivants, il est **impératif** de contacter immédiatement votre professionnel de santé ou de vous rendre aux urgences : des **saignements vaginaux** importants, des **maux de tête sévères** et persistants, des **douleurs abdominales intenses** ou une douleur juste sous les côtes, des **troubles de la vision** (comme des flashs ou une vision floue), ou un **gonflement soudain et extrême** du visage, des mains et des pieds. Ces symptômes peuvent être des signes de complications sérieuses comme la pré-éclampsie. De plus, si vous remarquez une **diminution significative ou une absence des mouvements de votre bébé**, ne tardez pas à consulter. Nous sommes là pour vous accompagner et vous rassurer.","a01,a02,a03,a04,a05","s01,s02","c01,c02",
26,Semaine 26 – ### Le développement des yeux,,,🥥,2ème,"Chou (35,6 cm)",,,35.6,760.0,Les yeux de votre bébé commencent à s'ouvrir. Il peut cligner des yeux et a des cils complètement formés. Son système nerveux est suffisamment développé pour contrôler certaines fonctions corporelles. Il commence à stocker des graisses et des nutriments essentiels pour après la naissance.,,,,,,,,,,,,week_26.png,,26.0,"À 26 semaines de grossesse, votre corps continue de s'adapter à la croissance rapide de votre bébé. Vous pourriez ressentir une **fatigue** plus marquée et des **troubles du sommeil** en raison de la difficulté à trouver une position confortable. La prise de poids et le changement de votre centre de gravité peuvent entraîner une certaine **maladresse** et des **douleurs ligamentaires** au niveau du ventre. Les **crampes aux jambes**, souvent nocturnes, sont fréquentes, tout comme les **brûlures d'estomac** et l'**indigestion** dues à la pression de l'utérus sur l'estomac. Il est essentiel de rester active, tout en étant patiente avec les changements constants de votre corps. Vous pourriez également remarquer un gonflement des mains et des pieds.","Votre bien-être et celui de votre bébé sont notre priorité. Si vous constatez une **nette diminution ou un arrêt des mouvements de votre bébé**, contactez immédiatement votre sage-femme ou l'unité de maternité. De même, des **saignements vaginaux** importants, des **contractions utérines** régulières et douloureuses avant 37 semaines, ou une **perte de liquide amniotique** nécessitent une consultation d'urgence. Soyez également vigilante face à des **maux de tête sévères** persistants, des **troubles de la vision** ou une **douleur intense** dans la partie supérieure de l'abdomen, qui pourraient être des signes de pré-éclampsie. En cas de doute, il est toujours préférable de consulter un professionnel de santé.","a01,a02,a03,a04,a05","s01,s02","c01,c02",
27,Semaine 27 – ### Le développement du cerveau,,,🥥,3ème,"Chou-rave (36,6 cm)",,,36.6,875.0,"Le cerveau de votre bébé connaît une période de croissance rapide. Il peut désormais ouvrir et fermer ses yeux et pourrait même rêver pendant les phases de sommeil paradoxal. Ses poumons continuent de se développer, et il commence à établir des habitudes de sommeil et d'éveil.",,,,,,,,,,,,week_27.png,,27.0,"La 27e semaine marque la fin du deuxième trimestre, une étape où votre corps continue sa transformation pour accueillir votre bébé. La prise de poids est normale et s'accompagne souvent de sensations de ballonnement et de constipation, dues à la pression exercée par l'utérus sur votre estomac et vos intestins, ainsi qu'à l'effet de la progestérone. La fatigue peut refaire surface, et il est crucial de privilégier le repos. Vous pourriez également remarquer une augmentation du ronflement, causée par le gonflement des voies nasales. Les douleurs ligamentaires, les maux de dos et les crampes dans les jambes sont fréquents. Il est recommandé de dormir sur le côté, idéalement le gauche, pour optimiser la circulation sanguine vers le bébé et soulager la pression sur votre dos.","Il est essentiel de rester vigilante et de consulter immédiatement un professionnel de la santé ou de vous rendre à l'hôpital si vous présentez l'un des signes d'alerte suivants : **saignements vaginaux**, **maux de tête sévères** persistants, **douleurs abdominales aiguës**, **changement subit de la vision**, ou une **enflure généralisée** (mains, visage, jambes). Après 26 semaines de grossesse, si vous constatez une **absence de mouvements du bébé** ou si celui-ci bouge significativement moins que d'habitude (moins de six mouvements distincts en deux heures), contactez sans délai votre lieu de naissance. Votre bien-être et celui de votre bébé sont notre priorité absolue. N'hésitez jamais à consulter en cas de doute.","a07,a11,a04,a02,a15","s01,s03","c01,c03",
28,Semaine 28 – ### Les périodes d'éveil et de sommeil,,,🥥,3ème,"Aubergine (37,6 cm)",,,37.6,1.0,Votre bébé a maintenant des périodes distinctes d'éveil et de sommeil. Il peut ouvrir les yeux et percevoir la lumière qui filtre à travers votre ventre. Son système respiratoire continue de mûrir. Il réagit de plus en plus aux sons et peut reconnaître votre voix.,,,,,,,,,,,,week_28.png,,28.0,"La 28e semaine marque l'entrée dans le troisième et dernier trimestre de votre grossesse. Votre corps continue de s'adapter à la croissance rapide de votre bébé, ce qui peut entraîner une augmentation de l'inconfort et de la fatigue. Les symptômes courants incluent des **brûlures d'estomac** et de l'**indigestion**, car l'utérus exerce une pression accrue sur votre estomac. Le poids supplémentaire que vous portez sollicite également votre dos, provoquant des **maux de dos** fréquents. Il est possible que vous remarquiez un **gonflement** au niveau des chevilles, des pieds et parfois du visage, dû à la rétention d'eau. Les **saignements de nez** et les **douleurs ligamentaires rondes** (douleurs sur les côtés du ventre) sont également fréquents. Enfin, les troubles du sommeil peuvent s'accentuer, rendant le repos plus difficile. N'hésitez pas à en parler à votre professionnel de santé pour obtenir des conseils sur la gestion de ces désagréments.","**Votre santé et celle de votre bébé sont notre priorité absolue. Il est crucial de rester vigilante face à certains signes d'alerte, surtout à l'approche du troisième trimestre.**

**Consultez immédiatement votre médecin, sage-femme ou rendez-vous aux urgences si vous présentez l'un des symptômes suivants :**

*   **Diminution ou absence de mouvements du bébé** : Si vous remarquez que votre bébé bouge moins que d'habitude, c'est un signal d'alarme qui nécessite une évaluation urgente.
*   **Saignements vaginaux abondants ou fuite de liquide amniotique**.
*   **Maux de tête sévères et persistants** qui ne sont pas soulagés par le repos ou les médicaments, souvent accompagnés de **troubles de la vision** (vision floue, taches lumineuses).
*   **Douleur abdominale intense et persistante** qui ne disparaît pas.
*   **Gonflement soudain et extrême** des mains, du visage ou des pieds, car cela pourrait être un signe de **pré-éclampsie**.
*   **Fièvre** supérieure à 38°C.
*   **Douleur thoracique** ou **difficultés à respirer**.

**N'attendez jamais. En cas de doute, il est toujours préférable de consulter un professionnel de la santé.**","a05,a12,a18,a23,a31","s01,s03","c01,c03",
29,Semaine 29 – ### Le développement des sens,,,🍉,3ème,"Butternut (38,6 cm)",,,38.6,1.15,"Les sens de votre bébé continuent de s'affiner. Il peut désormais percevoir la lumière, les sons, le goût et le toucher. Son cerveau peut traiter des informations plus complexes. Les poumons produisent de plus en plus de surfactant, essentiel pour respirer après la naissance.",,,,,,,,,,,,week_29.png,,29.0,"La 29e semaine de grossesse marque le début du troisième trimestre, une période où les symptômes s'intensifient en raison de la croissance rapide du bébé et de l'utérus. Il est fréquent de ressentir un essoufflement, car l'utérus exerce une pression accrue sur le diaphragme et les poumons. Les troubles du sommeil sont très courants, souvent causés par les mouvements actifs du bébé, la nécessité d'uriner fréquemment, et l'inconfort général. Des crampes dans les jambes, des maux de dos, ainsi que des gonflements (œdèmes) des mains et des pieds peuvent apparaître. Ces symptômes sont le résultat de l'augmentation du volume sanguin et de la modification du centre de gravité. Il est essentiel de se reposer sur le côté gauche pour optimiser la circulation et de surveiller attentivement les mouvements du bébé, car leur régularité est un indicateur clé de son bien-être.","Il est crucial de ne jamais ignorer certains signaux d'alerte. **Consultez immédiatement** votre professionnel de santé si vous constatez une diminution ou un arrêt des mouvements de votre bébé, des saignements vaginaux, une perte de liquide amniotique (rupture de la poche des eaux), ou des contractions régulières et douloureuses avant terme. Une enflure soudaine et généralisée, des maux de tête sévères persistants, ou des troubles de la vision peuvent être des signes de pré-éclampsie et nécessitent une évaluation urgente. Votre vigilance est la meilleure garantie pour la santé de votre bébé.","a03,a05,a12,a15","s01,s03","c01,c03",
30,Semaine 30 – ### Le développement des ongles,,,🍉,3ème,"Chou (39,9 cm)",,,39.9,1.3,"Les ongles de votre bébé ont atteint le bout de ses doigts et de ses orteils. Sa peau devient moins ridée à mesure qu'il prend du poids. Le système immunitaire se renforce. Les connexions neuronales dans son cerveau se multiplient rapidement, améliorant ses capacités cognitives.",,,,,,,,,,,,week_30.png,,30.0,"À 30 semaines de grossesse, vous entrez dans la dernière ligne droite, et les symptômes du troisième trimestre s'intensifient. L'utérus, désormais très volumineux, exerce une pression accrue sur vos organes, ce qui peut entraîner un essoufflement plus fréquent, même au repos, car vos poumons ont moins d'espace pour se déployer. Les troubles du sommeil sont très courants, souvent dus à la difficulté de trouver une position confortable, aux crampes nocturnes, ou à des rêves intenses et anxiogènes liés à l'accouchement. Vous pourriez également ressentir des contractions de Braxton Hicks, des tiraillements indolores qui préparent l'utérus au travail. L'augmentation du volume sanguin et la pression sur les veines peuvent provoquer un gonflement (œdème) des pieds et des mains, ainsi que des douleurs ligamentaires au niveau du bassin et du dos. Il est essentiel de continuer à vous reposer et à surveiller les mouvements de votre bébé.","Votre sécurité et celle de votre bébé sont notre priorité. Si vous constatez l'un des signes suivants, il est impératif de contacter immédiatement votre maternité ou de vous rendre aux urgences. Une diminution ou une absence de mouvements de votre bébé est un signal d'alerte majeur qui nécessite une évaluation urgente. De même, soyez vigilante face à des saignements vaginaux, même légers, à une perte de liquide amniotique (rupture de la poche des eaux), ou à des contractions utérines régulières et douloureuses avant 37 semaines. Des maux de tête violents et persistants, des troubles de la vision, ou une douleur intense et subite dans le haut de l'abdomen peuvent être des signes de pré-éclampsie. N'hésitez jamais à consulter en cas de doute, mieux vaut une vérification inutile qu'une complication non traitée.","a03,a04,a05,a06,a07","s01,s02","c01,c02",
31,Semaine 31 – ### Le développement des cinq sens,,,🍉,3ème,"Noix de coco (41,1 cm)",,,41.1,1.5,"Les cinq sens de votre bébé sont désormais fonctionnels. Il peut distinguer les saveurs dans le liquide amniotique, voir la lumière et l'obscurité, entendre les voix et les sons, sentir les odeurs transmises par le liquide amniotique et bien sûr, toucher son environnement et son propre corps.",,,,,,,,,,,,week_31.png,,31.0,"À 31 semaines de grossesse, vous êtes bien installée dans le troisième trimestre, et les symptômes s'intensifient souvent. La fatigue est courante, car votre corps travaille sans relâche pour soutenir la croissance rapide de votre bébé. Vous pourriez ressentir un essoufflement plus fréquent, car l'utérus exerce une pression croissante sur votre diaphragme. Les contractions de Braxton Hicks, ces ""fausses"" contractions, peuvent devenir plus perceptibles. Les douleurs dorsales et la sciatique sont fréquentes en raison du poids supplémentaire et du changement de posture. Il est essentiel de continuer à surveiller les mouvements de votre bébé et de vous reposer autant que possible. Les problèmes de sommeil, dus à l'inconfort ou aux mictions fréquentes, sont également un défi majeur à ce stade.","Il est crucial de rester vigilante aux signes d'alerte à 31 semaines. Si vous ressentez des **maux de tête intenses et persistants**, des **troubles de la vision** (comme des flashs ou des taches), ou une **douleur sévère et constante sous les côtes**, contactez immédiatement votre professionnel de santé. Ces symptômes pourraient indiquer une pré-éclampsie. De même, une **diminution significative des mouvements de votre bébé** nécessite une consultation urgente. N'ignorez jamais les **saignements vaginaux abondants** ou les **fuites de liquide amniotique**. En cas de doute ou de contractions régulières et douloureuses avant terme, ne tardez pas : votre santé et celle de votre bébé sont la priorité absolue.","a15,a16,a17,a18,a19","s01,s04","c03,c04",
32,Semaine 32 – ### Le développement des poumons,,,🍉,3ème,"Chou frisé (42,4 cm)",,,42.4,1.7,"Les poumons de votre bébé sont presque complètement développés, bien qu'ils continuent de mûrir. Il s'entraîne à respirer en pratiquant des mouvements respiratoires. Ses ongles sont complètement formés. Il prend du poids rapidement, accumulant des réserves de graisse sous sa peau.",,,,,,,,,,,,week_32.png,,32.0,"À 32 semaines de grossesse (34 SA), vous entrez dans la dernière ligne droite. Les **contractions de Braxton-Hicks** peuvent devenir plus fréquentes et intenses, préparant l'utérus à l'accouchement. Le poids accru du bébé et son positionnement plus bas peuvent entraîner des **douleurs dans le bas-ventre et le dos**, ainsi qu'une pression accrue sur la vessie, provoquant des envies d'uriner plus fréquentes. Le **gonflement des pieds et des chevilles** (œdème) est courant, il est conseillé de surélever les jambes et d'éviter de rester debout trop longtemps. Vous pourriez également ressentir de la **fatigue** et des **troubles du sommeil** dus à la difficulté à trouver une position confortable. Une bonne hydratation et une alimentation riche en fibres sont essentielles pour gérer la **constipation** fréquente à ce stade.","Il est crucial de rester vigilante aux signes d'alerte à ce stade avancé de la grossesse. **Consultez immédiatement** votre professionnel de santé si vous observez une **diminution significative des mouvements du bébé**. Une **fièvre supérieure à 38°C**, des **saignements vaginaux**, ou une **perte de liquide amniotique** (rupture de la poche des eaux) nécessitent une attention urgente. Soyez également attentive aux signes de **pré-éclampsie** : maux de tête violents et persistants, troubles de la vision, douleurs intenses sous les côtes (en barre), et un gonflement soudain et important du visage ou des mains. Votre bien-être et celui de votre bébé sont notre priorité.","a01,a02,a03,a04","s01,s02","c01,c02",
33,Semaine 33 – ### La prise de poids,,,🎃,3ème,"Ananas (43,7 cm)",,,43.7,1.9,"Votre bébé prend environ 225 grammes par semaine. Son système immunitaire continue de se développer, recevant des anticorps de votre part qui le protégeront après la naissance. Son squelette se durcit, bien que les os du crâne restent souples pour faciliter le passage dans le canal de naissance.",,,,,,,,,,,,week_33.png,,33.0,"À 33 semaines de grossesse, la fatigue s'intensifie, non seulement à cause du poids supplémentaire que vous portez, mais aussi en raison des nuits souvent perturbées. Votre utérus se prépare activement à l'accouchement, ce qui se manifeste par des contractions de Braxton Hicks, des resserrements indolores de l'abdomen. Le bébé, qui prend de plus en plus de place, peut exercer une pression sur votre diaphragme, provoquant un essoufflement, et sur votre vessie, augmentant la fréquence des mictions. Vous pourriez également ressentir une lourdeur dans le bassin si le bébé a déjà adopté sa position tête en bas. Les inconforts digestifs comme les brûlures d'estomac, ainsi que les maux de dos et les crampes nocturnes, sont fréquents à ce stade avancé du troisième trimestre.","Il est crucial de rester vigilante aux signaux d'alerte. Si vous ressentez des contractions régulières et douloureuses, ou si vous constatez une perte de liquide amniotique ou des saignements vaginaux, contactez immédiatement votre maternité. De même, une diminution notable des mouvements de votre bébé, des maux de tête intenses et persistants, des troubles de la vision, ou un gonflement soudain et important du visage et des mains nécessitent une consultation urgente. N'hésitez jamais à appeler votre professionnel de santé : il est là pour vous rassurer et s'assurer que tout va bien pour vous et votre bébé.","a01,a02,a03,a04",s01,c01,
34,Semaine 34 – ### Le développement du système immunitaire,,,🎃,3ème,Melon (45 cm),,,45.0,2.1,"Le système immunitaire de votre bébé continue de se renforcer. Ses poumons sont presque matures. Il a moins d'espace pour bouger, mais vous sentez toujours ses mouvements. Ses reins sont complètement développés. La plupart des bébés se positionnent tête en bas à ce stade.",,,,,,,,,,,,week_34.png,,34.0,"À 34 semaines de grossesse, le corps se prépare activement pour l'accouchement. Un phénomène notable est l'engagement du bébé dans le bassin, souvent appelé « allègement ». Cette descente peut soulager l'essoufflement et les brûlures d'estomac, mais elle augmente la pression sur la vessie, entraînant un besoin d'uriner plus fréquent, et peut rendre la marche plus difficile. Les **contractions de Braxton Hicks**, indolores et irrégulières, sont courantes, tout comme les troubles du sommeil et la fatigue générale. Vous pourriez également observer un écoulement de **colostrum** (premier lait) de vos seins. D'autres désagréments persistent, tels que les maux de dos, les crampes dans les jambes, la constipation et les **œdèmes** (gonflement) des mains et des pieds. Il est essentiel de continuer à se reposer et à surveiller les mouvements du bébé.","Il est crucial de rester vigilante à 34 semaines. Consultez **immédiatement** un professionnel de la santé si vous présentez l'un des symptômes d'alerte suivants : **saignements vaginaux** importants ou fuite de liquide, **maux de tête sévères** et persistants qui ne passent pas avec du repos, **changements de vision** (vision floue, taches lumineuses), **douleur abdominale intense** et persistante, **gonflement soudain et extrême** du visage ou des mains, ou **fièvre** supérieure à 38°C. De plus, si vous ressentez une **diminution ou un arrêt des mouvements de votre bébé**, contactez sans délai votre maternité. Ces signes peuvent indiquer une complication nécessitant une intervention rapide pour assurer votre sécurité et celle de votre enfant.","a12,a13,a14,a15,a16","s04,s05","c03,c04",
35,Semaine 35 – ### La croissance des cheveux,,,🎃,3ème,"Melon miel (46,2 cm)",,,46.2,2.4,"Votre bébé a maintenant une chevelure complète. Ses réflexes sont bien développés. Son foie peut traiter certains déchets. Si c'est un garçon, ses testicules descendent dans le scrotum. L'espace devient vraiment limité, donc les mouvements peuvent sembler différents.",,,,,,,,,,,,week_35.png,,35.0,"À 35 semaines de grossesse, l'approche de l'accouchement intensifie les sensations. La fatigue est souvent marquée, et les troubles du sommeil persistent, exacerbés par la difficulté à trouver une position confortable. Le volume de l'utérus, très élevé, peut entraîner des **brûlures d'estomac** et des **troubles respiratoires** si le bébé n'est pas encore descendu. Vous ressentez probablement une forte **pesanteur dans le bas-ventre** et des **douleurs pelviennes** dues à la pression exercée par la tête du bébé. Les **contractions de Braxton Hicks** sont plus fréquentes et parfois plus intenses. Il est crucial de surveiller les mouvements de votre bébé et de vous reposer dès que possible. La rétention d'eau et les jambes lourdes sont également courantes à ce stade.","Il est essentiel de rester vigilante à l'approche du terme. **Consultez immédiatement** votre maternité ou un professionnel de santé si vous observez des **saignements vaginaux** (plus que de légères traces), une **perte de liquide amniotique** (rupture de la poche des eaux), ou des **contractions utérines régulières et douloureuses** qui surviennent toutes les 5 minutes pendant au moins une heure, car cela pourrait indiquer un travail prématuré. De même, une **diminution significative des mouvements du bébé** ou l'apparition soudaine de **maux de tête violents**, de **troubles de la vision** ou de **douleurs intenses à l'estomac** (signes potentiels de pré-éclampsie) nécessitent une évaluation médicale urgente. N'hésitez jamais à appeler en cas de doute, il vaut mieux consulter pour rien.","a01,a02,a03,a04,a05","s01,s02","c01,c02",
36,Semaine 36 – ### La position finale,,,🎃,3ème,"Chou romaine (47,4 cm)",,,47.4,2.6,"Votre bébé prend généralement sa position finale pour la naissance, idéalement tête en bas. Ses systèmes digestif et circulatoire sont pleinement fonctionnels. Il continue d'accumuler des graisses, ce qui l'aide à réguler sa température après la naissance. Ses joues sont potelées.",,,,,,,,,,,,week_36.png,,36.0,"À 36 semaines de grossesse, l'utérus a atteint sa taille maximale, ce qui intensifie la pression sur les organes internes. La future maman ressent souvent une **lourdeur pelvienne** accrue, car la tête du bébé est généralement engagée dans le bassin, préparant l'accouchement. Cette descente peut paradoxalement soulager l'essoufflement et les brûlures d'estomac en libérant de l'espace sous la cage thoracique. Les **contractions de Braxton Hicks** deviennent plus fréquentes et perceptibles, bien que non douloureuses. Le sommeil est souvent perturbé par la difficulté à trouver une position confortable et par des **envies fréquentes d'uriner**. La fatigue est courante, le corps se préparant activement à la naissance. Il est essentiel de se reposer et de pratiquer des exercices de respiration pour gérer l'inconfort.","Il est crucial de rester vigilante à 36 semaines. **Consultez immédiatement** si vous constatez une **diminution ou un arrêt des mouvements du bébé**. Une **perte de liquide** claire et abondante (rupture de la poche des eaux) ou des **saignements vaginaux** importants nécessitent une prise en charge urgente. Soyez attentive aux signes de pré-éclampsie : **maux de tête sévères et persistants**, troubles de la vision, ou **douleurs intenses** dans la partie supérieure de l'abdomen. Toute fièvre, douleur abdominale intense ou contractions régulières et douloureuses (plus de 4 par heure) avant la 37e semaine doivent vous amener à contacter votre maternité sans délai. Votre santé et celle de votre bébé sont la priorité absolue.","a01,a02,a03,a04,a05",s01,"c01,c02",
37,Semaine 37 – ### Bébé à terme,,,👶,3ème,"Céleri (48,6 cm)",,,48.6,2.9,"Votre bébé est maintenant considéré comme à terme. Tous ses organes sont prêts à fonctionner en dehors de l'utérus, bien qu'il continue de bénéficier de chaque jour supplémentaire dans votre ventre. Son cerveau et ses poumons poursuivent leur maturation. Il s'entraîne à respirer, téter et déglutir.",,,,,,,,,,,,week_37.png,,37.0,"À 37 semaines, votre grossesse est considérée à terme. Le bébé est prêt, et votre corps se prépare activement à l'accouchement. Les contractions de Braxton Hicks, souvent plus intenses et fréquentes, sont courantes. Vous pourriez ressentir une pression pelvienne accrue, car le bébé est descendu dans le bassin (engagement). Le sommeil devient difficile en raison de l'inconfort et des besoins fréquents d'uriner. La fatigue est omniprésente. Une augmentation des pertes vaginales (le bouchon muqueux) peut indiquer que le travail approche. Continuez à surveiller les mouvements de votre bébé, même si l'espace est plus restreint. La patience est de mise, l'arrivée est imminente.","À ce stade, il est crucial de rester vigilante. **Consultez immédiatement** si vous ressentez des contractions régulières et douloureuses (toutes les 5 minutes pendant une heure), car cela pourrait être le début du travail. Une diminution significative des mouvements du bébé est une urgence : allongez-vous et comptez les mouvements, si vous en sentez moins de 10 en deux heures, contactez votre maternité. Soyez attentive aux saignements vaginaux importants, à une perte de liquide clair (rupture de la poche des eaux), à des maux de tête violents et persistants, ou à des troubles de la vision, qui peuvent être des signes de pré-éclampsie. Votre sécurité et celle de votre bébé sont la priorité absolue. N'hésitez jamais à appeler en cas de doute.","a01,a02,a03,a04,a05","s01,s02","c01,c02",
38,Semaine 38 – ### Les dernières préparations,,,👶,3ème,"Citrouille (49,8 cm)",,,49.8,3.1,"Votre bébé continue de prendre du poids. Ses ongles atteignent le bout de ses doigts. Le vernix (enduit blanc protecteur) et le lanugo (duvet fin) qui recouvraient sa peau commencent à disparaître. Son système digestif contient du méconium, qui constituera ses premières selles.",,,,,,,,,,,,week_38.png,,38.0,"À 38 semaines de grossesse, votre bébé est considéré comme à terme et l'attente peut engendrer une certaine **frustration ou de l'ennui** [1]. Les symptômes de fin de grossesse persistent, voire s'intensifient. Vous continuez de ressentir des **contractions de Braxton Hicks** (indolores et irrégulières) [1]. Le poids du bébé et la pression exercée sur votre bassin peuvent provoquer des **douleurs pelviennes et dorsales** [2]. L'envie fréquente d'uriner est courante, tout comme les **troubles du sommeil** et les **gonflements** des mains et des pieds [1]. Vous pourriez également observer la **perte du bouchon muqueux**, un signe que le col de l'utérus commence à se modifier en vue de l'accouchement [2]. Il est essentiel de rester patiente et de vous reposer autant que possible en cette dernière ligne droite.","Bien que l'accouchement soit imminent, certains signes nécessitent une consultation immédiate. **Contactez votre maternité ou les urgences** si vous constatez une **perte de sang rouge vif** (similaire à des règles) [3], une **perte des eaux** (écoulement de liquide amniotique, même léger) [4], ou des **contractions régulières, intenses et rapprochées** (toutes les 5 minutes pendant au moins une heure) qui ne s'atténuent pas au repos [4]. Une **fièvre supérieure à 38°C** [3], des **maux de tête sévères et persistants** accompagnés de troubles visuels, ou une **diminution importante des mouvements de votre bébé** sont également des signaux d'alerte majeurs qui exigent une prise en charge rapide [3].","a01,a02,a03,a04","s01,s02","c01,c02",
39,Semaine 39 – ### Prêt pour la naissance,,,👶,3ème,"Pastèque (50,7 cm)",,,50.7,3.3,Votre bébé est complètement développé et n'attend plus que le moment de la naissance. Ses poumons produisent du surfactant en quantité suffisante. Son cerveau continue de se développer rapidement. Il a moins d'espace pour bouger mais vous devriez toujours sentir des mouvements réguliers.,,,,,,,,,,,,week_39.png,,39.0,"À 39 semaines de grossesse, l'arrivée de votre bébé est imminente. Votre corps se prépare activement, ce qui se traduit par une série de sensations intenses. Vous pourriez ressentir une pression accrue dans le bas-ventre, car le bébé est descendu dans le bassin, ce qui peut paradoxalement faciliter votre respiration. Les contractions de Braxton Hicks sont fréquentes et peuvent devenir plus intenses, mais elles restent généralement indolores. Le sommeil peut être difficile en raison de l'inconfort et de l'agitation. Il est également courant de faire face à des maux de dos, des crampes dans les jambes, et des troubles digestifs comme les brûlures d'estomac et la constipation. Enfin, la fatigue est omniprésente, mais rappelez-vous que chaque sensation vous rapproche du grand jour.","Il est crucial de rester vigilante à l'approche de l'accouchement. **Contactez immédiatement votre maternité** si vous constatez une perte de liquide, même un simple filet, car cela pourrait indiquer une rupture de la poche des eaux. De même, toute perte de sang rouge vif ou une diminution significative des mouvements de votre bébé nécessite une consultation urgente. Si vos contractions deviennent régulières, durent au moins 60 secondes et se produisent toutes les 5 minutes, il est temps de vous rendre à l'hôpital. N'hésitez jamais à appeler si vous avez le moindre doute ou si vous vous sentez inquiète. Votre équipe médicale est là pour vous accompagner.","a01,a02,a03,a04,a05",s01,c01,
40,Semaine 40 – ### Le grand jour approche,,,👶,3ème,"Pastèque (51,2 cm)",,,51.2,3.4,"Votre bébé est prêt à naître ! Son système immunitaire est renforcé par les anticorps que vous lui avez transmis. Ses organes sont matures et fonctionnels. Sa tête peut s'engager dans votre bassin, ce qui peut vous soulager au niveau des côtes mais augmenter la pression sur votre vessie.",,,,,,,,,,,,week_40.png,,40.0,"Félicitations, vous avez atteint la 40e semaine, le terme de votre grossesse ! L'attente est à son comble, et il est tout à fait normal de ressentir un mélange d'impatience et d'épuisement. Votre corps se prépare activement à l'accouchement. Les **contractions de Braxton Hicks** sont fréquentes, mais vous pourriez commencer à distinguer les **vraies contractions** : plus longues, plus fortes et plus régulières. La **descente du bébé** dans le bassin peut soulager votre diaphragme, facilitant la respiration, mais augmentant la **pression pelvienne** et le besoin d'uriner. Vous pourriez également remarquer la **perte du bouchon muqueux**, un signe que le col de l'utérus commence à se modifier. Reposez-vous autant que possible, car l'énergie sera votre meilleur allié pour le jour J. N'hésitez pas à pratiquer des exercices de respiration et de relaxation pour gérer l'anxiété de cette dernière ligne droite.","À ce stade, il est crucial de rester vigilante. Le signe d'alerte le plus important concerne les **mouvements de votre bébé**. Si vous constatez une **diminution ou un arrêt** des mouvements habituels, contactez immédiatement la maternité. Ne tardez jamais. De même, si vous pensez avoir perdu les eaux (même un simple filet de liquide), ou si vous avez des **saignements vaginaux abondants** (plus qu'un léger écoulement teinté), consultez sans délai. Soyez attentive aux signes de pré-éclampsie : **maux de tête intenses** qui ne passent pas, **troubles de la vision** (taches, vision floue) ou **douleur persistante sous les côtes**. Ces symptômes nécessitent une évaluation médicale urgente pour garantir votre sécurité et celle de votre enfant. En cas de doute, mieux vaut consulter pour rien.","a01,a02,a03,a04,a05",s01,"c01,c02",
