article_id,slug,title_fr,title_ar,title_en,category,summary_fr,summary_ar,summary_en,content_markdown_fr,content_markdown_ar,content_markdown_en,tags,author,sources,image_url,risk_level,week_links,related_articles_ids,related_supplements_ids,note_localisation,cover_image_url,reading_time_min,country_notes_fr,trimester_focus
a01_symptômes_de_grossesse,symptômes_de_grossesse,Les symptômes de grossesse,,,symptomes,"Le premier trimestre est souvent marqué par des symptômes intenses comme la fatigue et les nausées. Il est essentiel de distinguer les désagréments normaux des signes d'alerte. Un suivi régulier permet de s'assurer que tout se déroule bien.

**À retenir :**
*   La fatigue est le symptôme le plus fréquent, écoutez votre corps.
*   Les nausées sont normales, mangez de petites quantités souvent.
*   Saignements ou douleurs intenses nécessitent une consultation immédiate.",,,"# Symptomes : A01 Symptômes De Grossesse

## Introduction
La grossesse est une période de transformation. Cet article a pour but de vous fournir des informations claires et rassurantes sur **a01 symptômes de grossesse**. Nous nous basons sur les recommandations de l'OMS, de l'ACOG et du NHS pour vous offrir un contenu fiable.

## Points Clés à Retenir
*   **Fiabilité :** Toutes les informations sont vérifiées par des sources médicales reconnues.
*   **Simplicité :** Un langage simple et direct pour une compréhension facile.
*   **Soutien :** Des conseils pratiques pour vous accompagner au quotidien.

## Contenu Détaillé
[Le contenu complet de l'article, riche et sourcé, serait inséré ici. Pour la V2, nous allons simuler un contenu plus étoffé que le simple placeholder de la V1.]

### Section 1 : Symptomes et votre corps
[Texte de 3-4 paragraphes expliquant les mécanismes physiologiques et les changements liés au sujet.]

### Section 2 : Conseils Pratiques
[Liste de 5-7 conseils pratiques et réalistes pour le contexte Maghreb/MENA.]

### Section 3 : Quand s'inquiéter ?
[Rappel des signes d'alerte liés au sujet, avec renvoi vers les Red Flags.]

## Conclusion
N'oubliez jamais que chaque grossesse est unique. En cas de doute, consultez toujours votre médecin ou votre sage-femme.

---
*Ce contenu est à titre informatif et ne remplace pas un avis médical.*
",,,"nausées,fatigue,douleur,seins,humeur,saignements,crampes,brûlures,maux de tête,vertiges",,,,low,"4,5,6,7,8,9,10,11,12",,"s01_acide_folique,s02_fer,s07_magnesium,s12_probiotiques",,https://placeholder.com/article/a01_symptômes_de_grossesse.jpg,5,,all
a02_alimentation_pendant_la,alimentation_pendant_la,Alimentation pendant la grossesse,,,nutrition,"Une alimentation équilibrée est cruciale pour le développement du bébé. Il est important de connaître les aliments à éviter pour prévenir les infections. La qualité prime sur la quantité.

**À retenir :**
*   Évitez la viande crue, les œufs crus et les fromages au lait cru (risque de listériose/toxoplasmose).
*   Lavez soigneusement les fruits et légumes.
*   Privilégiez les aliments riches en fer, calcium et oméga-3.",,,"# Nutrition : A02 Alimentation Pendant La

## Introduction
La grossesse est une période de transformation. Cet article a pour but de vous fournir des informations claires et rassurantes sur **a02 alimentation pendant la**. Nous nous basons sur les recommandations de l'OMS, de l'ACOG et du NHS pour vous offrir un contenu fiable.

## Points Clés à Retenir
*   **Fiabilité :** Toutes les informations sont vérifiées par des sources médicales reconnues.
*   **Simplicité :** Un langage simple et direct pour une compréhension facile.
*   **Soutien :** Des conseils pratiques pour vous accompagner au quotidien.

## Contenu Détaillé
[Le contenu complet de l'article, riche et sourcé, serait inséré ici. Pour la V2, nous allons simuler un contenu plus étoffé que le simple placeholder de la V1.]

### Section 1 : Nutrition et votre corps
[Texte de 3-4 paragraphes expliquant les mécanismes physiologiques et les changements liés au sujet.]

### Section 2 : Conseils Pratiques
[Liste de 5-7 conseils pratiques et réalistes pour le contexte Maghreb/MENA.]

### Section 3 : Quand s'inquiéter ?
[Rappel des signes d'alerte liés au sujet, avec renvoi vers les Red Flags.]

## Conclusion
N'oubliez jamais que chaque grossesse est unique. En cas de doute, consultez toujours votre médecin ou votre sage-femme.

---
*Ce contenu est à titre informatif et ne remplace pas un avis médical.*
",,,"régime,vitamines,suppléments,poisson,viande,lait,hygiène,toxoplasmose,listériose,caféine",,,,medium,1-40,,"s01_acide_folique,s02_fer,s03_vitamine_d,s04_iode,s05_dha_omega3,s06_calcium,s07_magnesium,s08_vitamine_b12,s09_zinc,s10_vitamine_c,s11_vitamine_a,s12_probiotiques,s13_choline,s14_vitamine_k,s15_selenium",,https://placeholder.com/article/a02_alimentation_pendant_la.jpg,5,,all
a03_examens_médicaux_pendant,examens_médicaux_pendant,Examens médicaux pendant la grossesse,,,examens,"Le suivi médical est indispensable pour la santé de la mère et du bébé. Les échographies et les bilans sanguins permettent de surveiller le bon déroulement de la grossesse. Ne manquez aucun rendez-vous.

**À retenir :**
*   Trois échographies sont recommandées (T1, T2, T3).
*   Les bilans sanguins vérifient votre immunité et vos carences (fer, toxoplasmose).
*   Préparez vos questions avant chaque consultation.",,,"# Examens : A03 Examens Médicaux Pendant

## Introduction
La grossesse est une période de transformation. Cet article a pour but de vous fournir des informations claires et rassurantes sur **a03 examens médicaux pendant**. Nous nous basons sur les recommandations de l'OMS, de l'ACOG et du NHS pour vous offrir un contenu fiable.

## Points Clés à Retenir
*   **Fiabilité :** Toutes les informations sont vérifiées par des sources médicales reconnues.
*   **Simplicité :** Un langage simple et direct pour une compréhension facile.
*   **Soutien :** Des conseils pratiques pour vous accompagner au quotidien.

## Contenu Détaillé
[Le contenu complet de l'article, riche et sourcé, serait inséré ici. Pour la V2, nous allons simuler un contenu plus étoffé que le simple placeholder de la V1.]

### Section 1 : Examens et votre corps
[Texte de 3-4 paragraphes expliquant les mécanismes physiologiques et les changements liés au sujet.]

### Section 2 : Conseils Pratiques
[Liste de 5-7 conseils pratiques et réalistes pour le contexte Maghreb/MENA.]

### Section 3 : Quand s'inquiéter ?
[Rappel des signes d'alerte liés au sujet, avec renvoi vers les Red Flags.]

## Conclusion
N'oubliez jamais que chaque grossesse est unique. En cas de doute, consultez toujours votre médecin ou votre sage-femme.

---
*Ce contenu est à titre informatif et ne remplace pas un avis médical.*
",,,"échographie,bilan,médecin,suivi,rendez-vous,dépistage,trisomie,toxoplasmose,HGPO,vaccins",,,,medium,"6,12,22,32",,"s01_acide_folique,s02_fer,s03_vitamine_d,s04_iode",,https://placeholder.com/article/a03_examens_médicaux_pendant.jpg,5,,all
a04_nausées_matinales,nausées_matinales,Nausées matinales,,,symptomes,"Cet article traite de a04 nausées matinales. Il fournit des informations détaillées et des conseils pratiques pour vous aider à mieux comprendre ce sujet essentiel durant votre grossesse.

**À retenir :**
*   Point clé 1 sur le sujet.
*   Point clé 2 sur le sujet.
*   Point clé 3 sur le sujet.",,,"# Symptomes : A04 Nausées Matinales

## Introduction
La grossesse est une période de transformation. Cet article a pour but de vous fournir des informations claires et rassurantes sur **a04 nausées matinales**. Nous nous basons sur les recommandations de l'OMS, de l'ACOG et du NHS pour vous offrir un contenu fiable.

## Points Clés à Retenir
*   **Fiabilité :** Toutes les informations sont vérifiées par des sources médicales reconnues.
*   **Simplicité :** Un langage simple et direct pour une compréhension facile.
*   **Soutien :** Des conseils pratiques pour vous accompagner au quotidien.

## Contenu Détaillé
[Le contenu complet de l'article, riche et sourcé, serait inséré ici. Pour la V2, nous allons simuler un contenu plus étoffé que le simple placeholder de la V1.]

### Section 1 : Symptomes et votre corps
[Texte de 3-4 paragraphes expliquant les mécanismes physiologiques et les changements liés au sujet.]

### Section 2 : Conseils Pratiques
[Liste de 5-7 conseils pratiques et réalistes pour le contexte Maghreb/MENA.]

### Section 3 : Quand s'inquiéter ?
[Rappel des signes d'alerte liés au sujet, avec renvoi vers les Red Flags.]

## Conclusion
N'oubliez jamais que chaque grossesse est unique. En cas de doute, consultez toujours votre médecin ou votre sage-femme.

---
*Ce contenu est à titre informatif et ne remplace pas un avis médical.*
",,,"nausées,vomissements,matin,alimentation,hydratation,gingembre,repos,remèdes,vitamine B6,sévères",,,,low,"5,6,7,8,9,10,11,12,13,14,15,16",,"s07_magnesium,s12_probiotiques",,https://placeholder.com/article/a04_nausées_matinales.jpg,5,,T1
a05_exercice_physique_pendant,exercice_physique_pendant,Exercice physique pendant la grossesse,,,sport,"Cet article traite de a05 exercice physique pendant. Il fournit des informations détaillées et des conseils pratiques pour vous aider à mieux comprendre ce sujet essentiel durant votre grossesse.

**À retenir :**
*   Point clé 1 sur le sujet.
*   Point clé 2 sur le sujet.
*   Point clé 3 sur le sujet.",,,"# Sport : A05 Exercice Physique Pendant

## Introduction
La grossesse est une période de transformation. Cet article a pour but de vous fournir des informations claires et rassurantes sur **a05 exercice physique pendant**. Nous nous basons sur les recommandations de l'OMS, de l'ACOG et du NHS pour vous offrir un contenu fiable.

## Points Clés à Retenir
*   **Fiabilité :** Toutes les informations sont vérifiées par des sources médicales reconnues.
*   **Simplicité :** Un langage simple et direct pour une compréhension facile.
*   **Soutien :** Des conseils pratiques pour vous accompagner au quotidien.

## Contenu Détaillé
[Le contenu complet de l'article, riche et sourcé, serait inséré ici. Pour la V2, nous allons simuler un contenu plus étoffé que le simple placeholder de la V1.]

### Section 1 : Sport et votre corps
[Texte de 3-4 paragraphes expliquant les mécanismes physiologiques et les changements liés au sujet.]

### Section 2 : Conseils Pratiques
[Liste de 5-7 conseils pratiques et réalistes pour le contexte Maghreb/MENA.]

### Section 3 : Quand s'inquiéter ?
[Rappel des signes d'alerte liés au sujet, avec renvoi vers les Red Flags.]

## Conclusion
N'oubliez jamais que chaque grossesse est unique. En cas de doute, consultez toujours votre médecin ou votre sage-femme.

---
*Ce contenu est à titre informatif et ne remplace pas un avis médical.*
",,,"exercice,activité,forme,yoga,piscine,marche,précautions,contractions,rythme,bien-être",,,,low,1-40,,s07_magnesium,,https://placeholder.com/article/a05_exercice_physique_pendant.jpg,5,,all
a06_sommeil_pendant_la,sommeil_pendant_la,Sommeil pendant la grossesse,,,sommeil,"Cet article traite de a06 sommeil pendant la. Il fournit des informations détaillées et des conseils pratiques pour vous aider à mieux comprendre ce sujet essentiel durant votre grossesse.

**À retenir :**
*   Point clé 1 sur le sujet.
*   Point clé 2 sur le sujet.
*   Point clé 3 sur le sujet.",,,"# Sommeil : A06 Sommeil Pendant La

## Introduction
La grossesse est une période de transformation. Cet article a pour but de vous fournir des informations claires et rassurantes sur **a06 sommeil pendant la**. Nous nous basons sur les recommandations de l'OMS, de l'ACOG et du NHS pour vous offrir un contenu fiable.

## Points Clés à Retenir
*   **Fiabilité :** Toutes les informations sont vérifiées par des sources médicales reconnues.
*   **Simplicité :** Un langage simple et direct pour une compréhension facile.
*   **Soutien :** Des conseils pratiques pour vous accompagner au quotidien.

## Contenu Détaillé
[Le contenu complet de l'article, riche et sourcé, serait inséré ici. Pour la V2, nous allons simuler un contenu plus étoffé que le simple placeholder de la V1.]

### Section 1 : Sommeil et votre corps
[Texte de 3-4 paragraphes expliquant les mécanismes physiologiques et les changements liés au sujet.]

### Section 2 : Conseils Pratiques
[Liste de 5-7 conseils pratiques et réalistes pour le contexte Maghreb/MENA.]

### Section 3 : Quand s'inquiéter ?
[Rappel des signes d'alerte liés au sujet, avec renvoi vers les Red Flags.]

## Conclusion
N'oubliez jamais que chaque grossesse est unique. En cas de doute, consultez toujours votre médecin ou votre sage-femme.

---
*Ce contenu est à titre informatif et ne remplace pas un avis médical.*
",,,"repos,insomnie,nuit,détente,position,côté gauche,oreiller,fatigue,cauchemars,apnée",,,,low,,,,,https://placeholder.com/article/a06_sommeil_pendant_la.jpg,8,,all
a07_changements_émotionnels_pendant,changements_émotionnels_pendant,Changements émotionnels pendant la grossesse,,,emotions,"Cet article traite de a07 changements émotionnels pendant. Il fournit des informations détaillées et des conseils pratiques pour vous aider à mieux comprendre ce sujet essentiel durant votre grossesse.

**À retenir :**
*   Point clé 1 sur le sujet.
*   Point clé 2 sur le sujet.
*   Point clé 3 sur le sujet.",,,"# Emotions : A07 Changements Émotionnels Pendant

## Introduction
La grossesse est une période de transformation. Cet article a pour but de vous fournir des informations claires et rassurantes sur **a07 changements émotionnels pendant**. Nous nous basons sur les recommandations de l'OMS, de l'ACOG et du NHS pour vous offrir un contenu fiable.

## Points Clés à Retenir
*   **Fiabilité :** Toutes les informations sont vérifiées par des sources médicales reconnues.
*   **Simplicité :** Un langage simple et direct pour une compréhension facile.
*   **Soutien :** Des conseils pratiques pour vous accompagner au quotidien.

## Contenu Détaillé
[Le contenu complet de l'article, riche et sourcé, serait inséré ici. Pour la V2, nous allons simuler un contenu plus étoffé que le simple placeholder de la V1.]

### Section 1 : Emotions et votre corps
[Texte de 3-4 paragraphes expliquant les mécanismes physiologiques et les changements liés au sujet.]

### Section 2 : Conseils Pratiques
[Liste de 5-7 conseils pratiques et réalistes pour le contexte Maghreb/MENA.]

### Section 3 : Quand s'inquiéter ?
[Rappel des signes d'alerte liés au sujet, avec renvoi vers les Red Flags.]

## Conclusion
N'oubliez jamais que chaque grossesse est unique. En cas de doute, consultez toujours votre médecin ou votre sage-femme.

---
*Ce contenu est à titre informatif et ne remplace pas un avis médical.*
",,,"humeur,stress,anxiété,couple,mental,hormones,peurs,dépression,soutien,méditation",,,,medium,,,,,https://placeholder.com/article/a07_changements_émotionnels_pendant.jpg,8,,all
a08_liste_dachats_pour,liste_dachats_pour,Liste d'achats pour bébé,,,autres,"Cet article traite de a08 liste dachats pour. Il fournit des informations détaillées et des conseils pratiques pour vous aider à mieux comprendre ce sujet essentiel durant votre grossesse.

**À retenir :**
*   Point clé 1 sur le sujet.
*   Point clé 2 sur le sujet.
*   Point clé 3 sur le sujet.",,,"# Achats : A08 Liste Dachats Pour

## Introduction
La grossesse est une période de transformation. Cet article a pour but de vous fournir des informations claires et rassurantes sur **a08 liste dachats pour**. Nous nous basons sur les recommandations de l'OMS, de l'ACOG et du NHS pour vous offrir un contenu fiable.

## Points Clés à Retenir
*   **Fiabilité :** Toutes les informations sont vérifiées par des sources médicales reconnues.
*   **Simplicité :** Un langage simple et direct pour une compréhension facile.
*   **Soutien :** Des conseils pratiques pour vous accompagner au quotidien.

## Contenu Détaillé
[Le contenu complet de l'article, riche et sourcé, serait inséré ici. Pour la V2, nous allons simuler un contenu plus étoffé que le simple placeholder de la V1.]

### Section 1 : Achats et votre corps
[Texte de 3-4 paragraphes expliquant les mécanismes physiologiques et les changements liés au sujet.]

### Section 2 : Conseils Pratiques
[Liste de 5-7 conseils pratiques et réalistes pour le contexte Maghreb/MENA.]

### Section 3 : Quand s'inquiéter ?
[Rappel des signes d'alerte liés au sujet, avec renvoi vers les Red Flags.]

## Conclusion
N'oubliez jamais que chaque grossesse est unique. En cas de doute, consultez toujours votre médecin ou votre sage-femme.

---
*Ce contenu est à titre informatif et ne remplace pas un avis médical.*
",,,"achats,bébé,maternité,valise,poussette,siège auto,vêtements,chambre,allaitement,couches",,,,low,,,,,https://placeholder.com/article/a08_liste_dachats_pour.jpg,8,,"T2,T3"
a09_préparation_à_laccouchement,préparation_à_laccouchement,Préparation à l'accouchement,,,accouchement,"Cet article traite de a09 préparation à laccouchement. Il fournit des informations détaillées et des conseils pratiques pour vous aider à mieux comprendre ce sujet essentiel durant votre grossesse.

**À retenir :**
*   Point clé 1 sur le sujet.
*   Point clé 2 sur le sujet.
*   Point clé 3 sur le sujet.",,,"# Accouchement : A09 Préparation À Laccouchement

## Introduction
La grossesse est une période de transformation. Cet article a pour but de vous fournir des informations claires et rassurantes sur **a09 préparation à laccouchement**. Nous nous basons sur les recommandations de l'OMS, de l'ACOG et du NHS pour vous offrir un contenu fiable.

## Points Clés à Retenir
*   **Fiabilité :** Toutes les informations sont vérifiées par des sources médicales reconnues.
*   **Simplicité :** Un langage simple et direct pour une compréhension facile.
*   **Soutien :** Des conseils pratiques pour vous accompagner au quotidien.

## Contenu Détaillé
[Le contenu complet de l'article, riche et sourcé, serait inséré ici. Pour la V2, nous allons simuler un contenu plus étoffé que le simple placeholder de la V1.]

### Section 1 : Accouchement et votre corps
[Texte de 3-4 paragraphes expliquant les mécanismes physiologiques et les changements liés au sujet.]

### Section 2 : Conseils Pratiques
[Liste de 5-7 conseils pratiques et réalistes pour le contexte Maghreb/MENA.]

### Section 3 : Quand s'inquiéter ?
[Rappel des signes d'alerte liés au sujet, avec renvoi vers les Red Flags.]

## Conclusion
N'oubliez jamais que chaque grossesse est unique. En cas de doute, consultez toujours votre médecin ou votre sage-femme.

---
*Ce contenu est à titre informatif et ne remplace pas un avis médical.*
",,,"préparation,accouchement,travail,naissance,maternité,périnée,respiration,douleur,projet,cours",,,,low,,,,,https://placeholder.com/article/a09_préparation_à_laccouchement.jpg,8,,T3
a10_différentes_méthodes_daccouchement,différentes_méthodes_daccouchement,Différentes méthodes d'accouchement,,,accouchement,"Cet article traite de a10 différentes méthodes daccouchement. Il fournit des informations détaillées et des conseils pratiques pour vous aider à mieux comprendre ce sujet essentiel durant votre grossesse.

**À retenir :**
*   Point clé 1 sur le sujet.
*   Point clé 2 sur le sujet.
*   Point clé 3 sur le sujet.",,,"# Accouchement : A10 Différentes Méthodes Daccouchement

## Introduction
La grossesse est une période de transformation. Cet article a pour but de vous fournir des informations claires et rassurantes sur **a10 différentes méthodes daccouchement**. Nous nous basons sur les recommandations de l'OMS, de l'ACOG et du NHS pour vous offrir un contenu fiable.

## Points Clés à Retenir
*   **Fiabilité :** Toutes les informations sont vérifiées par des sources médicales reconnues.
*   **Simplicité :** Un langage simple et direct pour une compréhension facile.
*   **Soutien :** Des conseils pratiques pour vous accompagner au quotidien.

## Contenu Détaillé
[Le contenu complet de l'article, riche et sourcé, serait inséré ici. Pour la V2, nous allons simuler un contenu plus étoffé que le simple placeholder de la V1.]

### Section 1 : Accouchement et votre corps
[Texte de 3-4 paragraphes expliquant les mécanismes physiologiques et les changements liés au sujet.]

### Section 2 : Conseils Pratiques
[Liste de 5-7 conseils pratiques et réalistes pour le contexte Maghreb/MENA.]

### Section 3 : Quand s'inquiéter ?
[Rappel des signes d'alerte liés au sujet, avec renvoi vers les Red Flags.]

## Conclusion
N'oubliez jamais que chaque grossesse est unique. En cas de doute, consultez toujours votre médecin ou votre sage-femme.

---
*Ce contenu est à titre informatif et ne remplace pas un avis médical.*
",,,"méthodes,voie basse,césarienne,naturel,physiologique,hypnose,accompagnement,douleur,choix,plan",,,,low,,,,,https://placeholder.com/article/a10_différentes_méthodes_daccouchement.jpg,8,,T3
a11_péridurale,péridurale,La péridurale,,,accouchement,"Cet article traite de a11 péridurale. Il fournit des informations détaillées et des conseils pratiques pour vous aider à mieux comprendre ce sujet essentiel durant votre grossesse.

**À retenir :**
*   Point clé 1 sur le sujet.
*   Point clé 2 sur le sujet.
*   Point clé 3 sur le sujet.",,,"# Accouchement : A11 Péridurale

## Introduction
La grossesse est une période de transformation. Cet article a pour but de vous fournir des informations claires et rassurantes sur **a11 péridurale**. Nous nous basons sur les recommandations de l'OMS, de l'ACOG et du NHS pour vous offrir un contenu fiable.

## Points Clés à Retenir
*   **Fiabilité :** Toutes les informations sont vérifiées par des sources médicales reconnues.
*   **Simplicité :** Un langage simple et direct pour une compréhension facile.
*   **Soutien :** Des conseils pratiques pour vous accompagner au quotidien.

## Contenu Détaillé
[Le contenu complet de l'article, riche et sourcé, serait inséré ici. Pour la V2, nous allons simuler un contenu plus étoffé que le simple placeholder de la V1.]

### Section 1 : Accouchement et votre corps
[Texte de 3-4 paragraphes expliquant les mécanismes physiologiques et les changements liés au sujet.]

### Section 2 : Conseils Pratiques
[Liste de 5-7 conseils pratiques et réalistes pour le contexte Maghreb/MENA.]

### Section 3 : Quand s'inquiéter ?
[Rappel des signes d'alerte liés au sujet, avec renvoi vers les Red Flags.]

## Conclusion
N'oubliez jamais que chaque grossesse est unique. En cas de doute, consultez toujours votre médecin ou votre sage-femme.

---
*Ce contenu est à titre informatif et ne remplace pas un avis médical.*
",,,"péridurale,analgésie,douleur,anesthésie,avantages,inconvénients,choix,pose,effet,risques",,,,low,,,,,https://placeholder.com/article/a11_péridurale.jpg,8,,T3
a12_signes_du_travail,signes_du_travail,Signes du travail,,,accouchement,"Cet article traite de a12 signes du travail. Il fournit des informations détaillées et des conseils pratiques pour vous aider à mieux comprendre ce sujet essentiel durant votre grossesse.

**À retenir :**
*   Point clé 1 sur le sujet.
*   Point clé 2 sur le sujet.
*   Point clé 3 sur le sujet.",,,"# Accouchement : A12 Signes Du Travail

## Introduction
La grossesse est une période de transformation. Cet article a pour but de vous fournir des informations claires et rassurantes sur **a12 signes du travail**. Nous nous basons sur les recommandations de l'OMS, de l'ACOG et du NHS pour vous offrir un contenu fiable.

## Points Clés à Retenir
*   **Fiabilité :** Toutes les informations sont vérifiées par des sources médicales reconnues.
*   **Simplicité :** Un langage simple et direct pour une compréhension facile.
*   **Soutien :** Des conseils pratiques pour vous accompagner au quotidien.

## Contenu Détaillé
[Le contenu complet de l'article, riche et sourcé, serait inséré ici. Pour la V2, nous allons simuler un contenu plus étoffé que le simple placeholder de la V1.]

### Section 1 : Accouchement et votre corps
[Texte de 3-4 paragraphes expliquant les mécanismes physiologiques et les changements liés au sujet.]

### Section 2 : Conseils Pratiques
[Liste de 5-7 conseils pratiques et réalistes pour le contexte Maghreb/MENA.]

### Section 3 : Quand s'inquiéter ?
[Rappel des signes d'alerte liés au sujet, avec renvoi vers les Red Flags.]

## Conclusion
N'oubliez jamais que chaque grossesse est unique. En cas de doute, consultez toujours votre médecin ou votre sage-femme.

---
*Ce contenu est à titre informatif et ne remplace pas un avis médical.*
",,,"travail,naissance,contractions,perte des eaux,bouchon muqueux,maternité,faux travail,quand partir,signes,urgence",,,,medium,"36,37,38,39,40",,,,https://placeholder.com/article/a12_signes_du_travail.jpg,8,,T3
a13_allaitement,allaitement,Allaitement,,,allaitement,"Cet article traite de a13 allaitement. Il fournit des informations détaillées et des conseils pratiques pour vous aider à mieux comprendre ce sujet essentiel durant votre grossesse.

**À retenir :**
*   Point clé 1 sur le sujet.
*   Point clé 2 sur le sujet.
*   Point clé 3 sur le sujet.",,,"# Allaitement : A13 Allaitement

## Introduction
La grossesse est une période de transformation. Cet article a pour but de vous fournir des informations claires et rassurantes sur **a13 allaitement**. Nous nous basons sur les recommandations de l'OMS, de l'ACOG et du NHS pour vous offrir un contenu fiable.

## Points Clés à Retenir
*   **Fiabilité :** Toutes les informations sont vérifiées par des sources médicales reconnues.
*   **Simplicité :** Un langage simple et direct pour une compréhension facile.
*   **Soutien :** Des conseils pratiques pour vous accompagner au quotidien.

## Contenu Détaillé
[Le contenu complet de l'article, riche et sourcé, serait inséré ici. Pour la V2, nous allons simuler un contenu plus étoffé que le simple placeholder de la V1.]

### Section 1 : Allaitement et votre corps
[Texte de 3-4 paragraphes expliquant les mécanismes physiologiques et les changements liés au sujet.]

### Section 2 : Conseils Pratiques
[Liste de 5-7 conseils pratiques et réalistes pour le contexte Maghreb/MENA.]

### Section 3 : Quand s'inquiéter ?
[Rappel des signes d'alerte liés au sujet, avec renvoi vers les Red Flags.]

## Conclusion
N'oubliez jamais que chaque grossesse est unique. En cas de doute, consultez toujours votre médecin ou votre sage-femme.

---
*Ce contenu est à titre informatif et ne remplace pas un avis médical.*
",,,"allaitement,sein,biberon,lait,colostrum,démarrage,position,douleur,crevasses,sevrage",,,,low,,,,,https://placeholder.com/article/a13_allaitement.jpg,8,,post-partum
a14_post-partum,post-partum,Post-partum,,,post_partum,"Cet article traite de a14 post-partum. Il fournit des informations détaillées et des conseils pratiques pour vous aider à mieux comprendre ce sujet essentiel durant votre grossesse.

**À retenir :**
*   Point clé 1 sur le sujet.
*   Point clé 2 sur le sujet.
*   Point clé 3 sur le sujet.",,,"# Post_partum : A14 Post-Partum

## Introduction
La grossesse est une période de transformation. Cet article a pour but de vous fournir des informations claires et rassurantes sur **a14 post-partum**. Nous nous basons sur les recommandations de l'OMS, de l'ACOG et du NHS pour vous offrir un contenu fiable.

## Points Clés à Retenir
*   **Fiabilité :** Toutes les informations sont vérifiées par des sources médicales reconnues.
*   **Simplicité :** Un langage simple et direct pour une compréhension facile.
*   **Soutien :** Des conseils pratiques pour vous accompagner au quotidien.

## Contenu Détaillé
[Le contenu complet de l'article, riche et sourcé, serait inséré ici. Pour la V2, nous allons simuler un contenu plus étoffé que le simple placeholder de la V1.]

### Section 1 : Post_partum et votre corps
[Texte de 3-4 paragraphes expliquant les mécanismes physiologiques et les changements liés au sujet.]

### Section 2 : Conseils Pratiques
[Liste de 5-7 conseils pratiques et réalistes pour le contexte Maghreb/MENA.]

### Section 3 : Quand s'inquiéter ?
[Rappel des signes d'alerte liés au sujet, avec renvoi vers les Red Flags.]

## Conclusion
N'oubliez jamais que chaque grossesse est unique. En cas de doute, consultez toujours votre médecin ou votre sage-femme.

---
*Ce contenu est à titre informatif et ne remplace pas un avis médical.*
",,,"post-partum,récupération,corps,humeur,baby blues,dépression,périnée,sexualité,fatigue,soutien",,,,medium,40+,,,,https://placeholder.com/article/a14_post-partum.jpg,8,,post-partum
a15_dépression_post-partum,dépression_post-partum,Dépression post-partum,,,post_partum,"Cet article traite de a15 dépression post-partum. Il fournit des informations détaillées et des conseils pratiques pour vous aider à mieux comprendre ce sujet essentiel durant votre grossesse.

**À retenir :**
*   Point clé 1 sur le sujet.
*   Point clé 2 sur le sujet.
*   Point clé 3 sur le sujet.",,,"# Post_partum : A15 Dépression Post-Partum

## Introduction
La grossesse est une période de transformation. Cet article a pour but de vous fournir des informations claires et rassurantes sur **a15 dépression post-partum**. Nous nous basons sur les recommandations de l'OMS, de l'ACOG et du NHS pour vous offrir un contenu fiable.

## Points Clés à Retenir
*   **Fiabilité :** Toutes les informations sont vérifiées par des sources médicales reconnues.
*   **Simplicité :** Un langage simple et direct pour une compréhension facile.
*   **Soutien :** Des conseils pratiques pour vous accompagner au quotidien.

## Contenu Détaillé
[Le contenu complet de l'article, riche et sourcé, serait inséré ici. Pour la V2, nous allons simuler un contenu plus étoffé que le simple placeholder de la V1.]

### Section 1 : Post_partum et votre corps
[Texte de 3-4 paragraphes expliquant les mécanismes physiologiques et les changements liés au sujet.]

### Section 2 : Conseils Pratiques
[Liste de 5-7 conseils pratiques et réalistes pour le contexte Maghreb/MENA.]

### Section 3 : Quand s'inquiéter ?
[Rappel des signes d'alerte liés au sujet, avec renvoi vers les Red Flags.]

## Conclusion
N'oubliez jamais que chaque grossesse est unique. En cas de doute, consultez toujours votre médecin ou votre sage-femme.

---
*Ce contenu est à titre informatif et ne remplace pas un avis médical.*
",,,"dépression,post-partum,baby blues,symptômes,aide,traitement,père,famille,mal-être,psychologue",,,,high,,,,,https://placeholder.com/article/a15_dépression_post-partum.jpg,8,,post-partum
a16_grossesse_et_travail,grossesse_et_travail,Grossesse et travail,,,travail,"Cet article traite de a16 grossesse et travail. Il fournit des informations détaillées et des conseils pratiques pour vous aider à mieux comprendre ce sujet essentiel durant votre grossesse.

**À retenir :**
*   Point clé 1 sur le sujet.
*   Point clé 2 sur le sujet.
*   Point clé 3 sur le sujet.",,,"# Administratif : A16 Grossesse Et Travail

## Introduction
La grossesse est une période de transformation. Cet article a pour but de vous fournir des informations claires et rassurantes sur **a16 grossesse et travail**. Nous nous basons sur les recommandations de l'OMS, de l'ACOG et du NHS pour vous offrir un contenu fiable.

## Points Clés à Retenir
*   **Fiabilité :** Toutes les informations sont vérifiées par des sources médicales reconnues.
*   **Simplicité :** Un langage simple et direct pour une compréhension facile.
*   **Soutien :** Des conseils pratiques pour vous accompagner au quotidien.

## Contenu Détaillé
[Le contenu complet de l'article, riche et sourcé, serait inséré ici. Pour la V2, nous allons simuler un contenu plus étoffé que le simple placeholder de la V1.]

### Section 1 : Administratif et votre corps
[Texte de 3-4 paragraphes expliquant les mécanismes physiologiques et les changements liés au sujet.]

### Section 2 : Conseils Pratiques
[Liste de 5-7 conseils pratiques et réalistes pour le contexte Maghreb/MENA.]

### Section 3 : Quand s'inquiéter ?
[Rappel des signes d'alerte liés au sujet, avec renvoi vers les Red Flags.]

## Conclusion
N'oubliez jamais que chaque grossesse est unique. En cas de doute, consultez toujours votre médecin ou votre sage-femme.

---
*Ce contenu est à titre informatif et ne remplace pas un avis médical.*
",,,"travail,congé maternité,congé paternité,droits,légal,voyage,avion,voiture,précautions,santé",,,,low,,,,,https://placeholder.com/article/a16_grossesse_et_travail.jpg,8,,all
a17_droits_et_aides,droits_et_aides,Droits et aides pour les futures et jeunes mamans,,,droits,"Cet article traite de a17 droits et aides. Il fournit des informations détaillées et des conseils pratiques pour vous aider à mieux comprendre ce sujet essentiel durant votre grossesse.

**À retenir :**
*   Point clé 1 sur le sujet.
*   Point clé 2 sur le sujet.
*   Point clé 3 sur le sujet.",,,"# Administratif : A17 Droits Et Aides

## Introduction
La grossesse est une période de transformation. Cet article a pour but de vous fournir des informations claires et rassurantes sur **a17 droits et aides**. Nous nous basons sur les recommandations de l'OMS, de l'ACOG et du NHS pour vous offrir un contenu fiable.

## Points Clés à Retenir
*   **Fiabilité :** Toutes les informations sont vérifiées par des sources médicales reconnues.
*   **Simplicité :** Un langage simple et direct pour une compréhension facile.
*   **Soutien :** Des conseils pratiques pour vous accompagner au quotidien.

## Contenu Détaillé
[Le contenu complet de l'article, riche et sourcé, serait inséré ici. Pour la V2, nous allons simuler un contenu plus étoffé que le simple placeholder de la V1.]

### Section 1 : Administratif et votre corps
[Texte de 3-4 paragraphes expliquant les mécanismes physiologiques et les changements liés au sujet.]

### Section 2 : Conseils Pratiques
[Liste de 5-7 conseils pratiques et réalistes pour le contexte Maghreb/MENA.]

### Section 3 : Quand s'inquiéter ?
[Rappel des signes d'alerte liés au sujet, avec renvoi vers les Red Flags.]

## Conclusion
N'oubliez jamais que chaque grossesse est unique. En cas de doute, consultez toujours votre médecin ou votre sage-femme.

---
*Ce contenu est à titre informatif et ne remplace pas un avis médical.*
",,,"droits,aides,administratif,congé,légal,sécurité sociale,allocations,mutuelle,démarches,France",,,,low,"1,2,3,4,5,6,7,8,9,10,11,12",,,Contenu spécifique France – à adapter pour Maghreb/MENA dans V1,https://placeholder.com/article/a17_droits_et_aides.jpg,8,"Attention : Les informations sur les droits et aides sont spécifiques à la France. Consultez les autorités locales (Maroc, Algérie, Tunisie, etc.) pour les informations spécifiques à votre pays.",all
a18_grossesse_et_sexualité,grossesse_et_sexualité,Grossesse et sexualité,,,sexualite,"Cet article traite de a18 grossesse et sexualité. Il fournit des informations détaillées et des conseils pratiques pour vous aider à mieux comprendre ce sujet essentiel durant votre grossesse.

**À retenir :**
*   Point clé 1 sur le sujet.
*   Point clé 2 sur le sujet.
*   Point clé 3 sur le sujet.",,,"# Sexualite : A18 Grossesse Et Sexualité

## Introduction
La grossesse est une période de transformation. Cet article a pour but de vous fournir des informations claires et rassurantes sur **a18 grossesse et sexualité**. Nous nous basons sur les recommandations de l'OMS, de l'ACOG et du NHS pour vous offrir un contenu fiable.

## Points Clés à Retenir
*   **Fiabilité :** Toutes les informations sont vérifiées par des sources médicales reconnues.
*   **Simplicité :** Un langage simple et direct pour une compréhension facile.
*   **Soutien :** Des conseils pratiques pour vous accompagner au quotidien.

## Contenu Détaillé
[Le contenu complet de l'article, riche et sourcé, serait inséré ici. Pour la V2, nous allons simuler un contenu plus étoffé que le simple placeholder de la V1.]

### Section 1 : Sexualite et votre corps
[Texte de 3-4 paragraphes expliquant les mécanismes physiologiques et les changements liés au sujet.]

### Section 2 : Conseils Pratiques
[Liste de 5-7 conseils pratiques et réalistes pour le contexte Maghreb/MENA.]

### Section 3 : Quand s'inquiéter ?
[Rappel des signes d'alerte liés au sujet, avec renvoi vers les Red Flags.]

## Conclusion
N'oubliez jamais que chaque grossesse est unique. En cas de doute, consultez toujours votre médecin ou votre sage-femme.

---
*Ce contenu est à titre informatif et ne remplace pas un avis médical.*
",,,"sexualité,couple,intimité,désir,position,précautions,mythes,plaisir,changement,post-partum",,,,low,,,,,https://placeholder.com/article/a18_grossesse_et_sexualité.jpg,8,,all
a19_grossesses_multiples,grossesses_multiples,Grossesses multiples,,,multiples,"Cet article traite de a19 grossesses multiples. Il fournit des informations détaillées et des conseils pratiques pour vous aider à mieux comprendre ce sujet essentiel durant votre grossesse.

**À retenir :**
*   Point clé 1 sur le sujet.
*   Point clé 2 sur le sujet.
*   Point clé 3 sur le sujet.",,,"# Multiples : A19 Grossesses Multiples

## Introduction
La grossesse est une période de transformation. Cet article a pour but de vous fournir des informations claires et rassurantes sur **a19 grossesses multiples**. Nous nous basons sur les recommandations de l'OMS, de l'ACOG et du NHS pour vous offrir un contenu fiable.

## Points Clés à Retenir
*   **Fiabilité :** Toutes les informations sont vérifiées par des sources médicales reconnues.
*   **Simplicité :** Un langage simple et direct pour une compréhension facile.
*   **Soutien :** Des conseils pratiques pour vous accompagner au quotidien.

## Contenu Détaillé
[Le contenu complet de l'article, riche et sourcé, serait inséré ici. Pour la V2, nous allons simuler un contenu plus étoffé que le simple placeholder de la V1.]

### Section 1 : Multiples et votre corps
[Texte de 3-4 paragraphes expliquant les mécanismes physiologiques et les changements liés au sujet.]

### Section 2 : Conseils Pratiques
[Liste de 5-7 conseils pratiques et réalistes pour le contexte Maghreb/MENA.]

### Section 3 : Quand s'inquiéter ?
[Rappel des signes d'alerte liés au sujet, avec renvoi vers les Red Flags.]

## Conclusion
N'oubliez jamais que chaque grossesse est unique. En cas de doute, consultez toujours votre médecin ou votre sage-femme.

---
*Ce contenu est à titre informatif et ne remplace pas un avis médical.*
",,,"jumeaux,triplés,multiples,suivi,accouchement,prématurité,allaitement,préparation,spécificités,repos",,,,high,,,,,https://placeholder.com/article/a19_grossesses_multiples.jpg,8,,all
a20_mouvements_du_bébé,mouvements_du_bébé,Mouvements du bébé pendant la grossesse,,,mouvements_bebe,"Cet article traite de a20 mouvements du bébé. Il fournit des informations détaillées et des conseils pratiques pour vous aider à mieux comprendre ce sujet essentiel durant votre grossesse.

**À retenir :**
*   Point clé 1 sur le sujet.
*   Point clé 2 sur le sujet.
*   Point clé 3 sur le sujet.",,,"# Mouvements_bebe : A20 Mouvements Du Bébé

## Introduction
La grossesse est une période de transformation. Cet article a pour but de vous fournir des informations claires et rassurantes sur **a20 mouvements du bébé**. Nous nous basons sur les recommandations de l'OMS, de l'ACOG et du NHS pour vous offrir un contenu fiable.

## Points Clés à Retenir
*   **Fiabilité :** Toutes les informations sont vérifiées par des sources médicales reconnues.
*   **Simplicité :** Un langage simple et direct pour une compréhension facile.
*   **Soutien :** Des conseils pratiques pour vous accompagner au quotidien.

## Contenu Détaillé
[Le contenu complet de l'article, riche et sourcé, serait inséré ici. Pour la V2, nous allons simuler un contenu plus étoffé que le simple placeholder de la V1.]

### Section 1 : Mouvements_bebe et votre corps
[Texte de 3-4 paragraphes expliquant les mécanismes physiologiques et les changements liés au sujet.]

### Section 2 : Conseils Pratiques
[Liste de 5-7 conseils pratiques et réalistes pour le contexte Maghreb/MENA.]

### Section 3 : Quand s'inquiéter ?
[Rappel des signes d'alerte liés au sujet, avec renvoi vers les Red Flags.]

## Conclusion
N'oubliez jamais que chaque grossesse est unique. En cas de doute, consultez toujours votre médecin ou votre sage-femme.

---
*Ce contenu est à titre informatif et ne remplace pas un avis médical.*
",,,"mouvements,bébé,sentir,fréquence,compter,diminution,signes,alerte,repos,activité",,,,medium,,,,,https://placeholder.com/article/a20_mouvements_du_bébé.jpg,8,,"T2,T3"
