week_number,title_fr,title_ar,title_en,emoji,trimester,baby_size_label_fr,baby_size_label_ar,baby_size_label_en,baby_size_cm,baby_weight_g,baby_dev_text_fr,baby_dev_text_ar,baby_dev_text_en,mom_body_text_fr,mom_body_text_ar,mom_body_text_en,warnings_text_fr,warnings_text_ar,warnings_text_en,recommended_articles_ids,recommended_supplements_ids,calendar_template_ids,baby_image_static_url,baby_3d_model_url,baby_facts_fr,baby_facts_ar,baby_facts_en,mom_tips_fr,mom_tips_ar,mom_tips_en,weekly_summary_fr,weekly_summary_ar,weekly_summary_en,recommended_videos_ids
1,Semaine 1 – ### La conception,,,🌱,1er,Microscopique,,,0.1,0.1,"Cette semaine marque le début de votre grossesse. L'ovule fécondé, désormais appelé blastocyste, s'implante dans la paroi de votre utérus. C'est un processus microscopique mais fondamental. Les premières cellules qui formeront le placenta et le sac amniotique se mettent en place.",,,"Vous ne ressentez probablement rien de spécifique, si ce n'est l'absence de règles. Vos hormones (HCG) augmentent rapidement, ce qui peut provoquer une légère tension dans les seins et une fatigue inhabituelle. Le test de grossesse est positif : félicitations !",,,"
**Consultez rapidement si :**
*   Vous avez des douleurs intenses et persistantes dans le bas-ventre (crampes sévères).
*   Vous avez de la fièvre (température élevée).
*   Vous ne parvenez plus à vous hydrater à cause des vomissements (ne garde rien).

**Appelez les urgences si :**
*   Vous avez des saignements vaginaux abondants (hémorragie).
*   Vous perdez connaissance (perte de conscience).
",,,"a02_alimentation_pendant_la,a18_grossesse_et_sexualité",s01_acide_folique,c25,week_01.png,,• L'embryon est plus petit qu'un grain de riz. • Le sac vitellin fournit les premiers nutriments. • Les fondations de tous les organes sont posées.,,,• Continuez l'acide folique et la vitamine D. • Mangez de petites portions fréquentes pour gérer les nausées. • Reposez-vous dès que vous en ressentez le besoin.,,,Le premier trimestre s'achève ! Le fœtus est maintenant formé et les risques diminuent. Votre énergie devrait bientôt revenir.,,,v01_semaine01_intro
2,Semaine 2 – ### L'ovulation,,,🌱,1er,Microscopique,,,0.1,0.1,"Cette semaine marque le début de votre grossesse. L'ovule fécondé, désormais appelé blastocyste, s'implante dans la paroi de votre utérus. C'est un processus microscopique mais fondamental. Les premières cellules qui formeront le placenta et le sac amniotique se mettent en place.",,,"Vous ne ressentez probablement rien de spécifique, si ce n'est l'absence de règles. Vos hormones (HCG) augmentent rapidement, ce qui peut provoquer une légère tension dans les seins et une fatigue inhabituelle. Le test de grossesse est positif : félicitations !",,,"
**Consultez rapidement si :**
*   Vous avez des douleurs intenses et persistantes dans le bas-ventre (crampes sévères).
*   Vous avez de la fièvre (température élevée).
*   Vous ne parvenez plus à vous hydrater à cause des vomissements (ne garde rien).

**Appelez les urgences si :**
*   Vous avez des saignements vaginaux abondants (hémorragie).
*   Vous perdez connaissance (perte de conscience).
",,,"a02_alimentation_pendant_la,a18_grossesse_et_sexualité",s01_acide_folique,c25,week_02.png,,• L'embryon est plus petit qu'un grain de riz. • Le sac vitellin fournit les premiers nutriments. • Les fondations de tous les organes sont posées.,,,• Continuez l'acide folique et la vitamine D. • Mangez de petites portions fréquentes pour gérer les nausées. • Reposez-vous dès que vous en ressentez le besoin.,,,Le premier trimestre s'achève ! Le fœtus est maintenant formé et les risques diminuent. Votre énergie devrait bientôt revenir.,,,v01_semaine01_intro
3,Semaine 3 – ### L'implantation,,,🌱,1er,Microscopique,,,0.1,0.1,"Cette semaine marque le début de votre grossesse. L'ovule fécondé, désormais appelé blastocyste, s'implante dans la paroi de votre utérus. C'est un processus microscopique mais fondamental. Les premières cellules qui formeront le placenta et le sac amniotique se mettent en place.",,,"Vous ne ressentez probablement rien de spécifique, si ce n'est l'absence de règles. Vos hormones (HCG) augmentent rapidement, ce qui peut provoquer une légère tension dans les seins et une fatigue inhabituelle. Le test de grossesse est positif : félicitations !",,,"
**Consultez rapidement si :**
*   Vous avez des douleurs intenses et persistantes dans le bas-ventre (crampes sévères).
*   Vous avez de la fièvre (température élevée).
*   Vous ne parvenez plus à vous hydrater à cause des vomissements (ne garde rien).

**Appelez les urgences si :**
*   Vous avez des saignements vaginaux abondants (hémorragie).
*   Vous perdez connaissance (perte de conscience).
",,,"a01_symptômes_de_grossesse,a02_alimentation_pendant_la",s01_acide_folique,c25,week_03.png,,• L'embryon est plus petit qu'un grain de riz. • Le sac vitellin fournit les premiers nutriments. • Les fondations de tous les organes sont posées.,,,• Continuez l'acide folique et la vitamine D. • Mangez de petites portions fréquentes pour gérer les nausées. • Reposez-vous dès que vous en ressentez le besoin.,,,Le premier trimestre s'achève ! Le fœtus est maintenant formé et les risques diminuent. Votre énergie devrait bientôt revenir.,,,v01_semaine01_intro
4,Semaine 4 – ### Le test positif,,,🌱,1er,Graine de pavot (1 mm),,,1.0,0.1,"Cette semaine marque le début de votre grossesse. L'ovule fécondé, désormais appelé blastocyste, s'implante dans la paroi de votre utérus. C'est un processus microscopique mais fondamental. Les premières cellules qui formeront le placenta et le sac amniotique se mettent en place.",,,"Vous ne ressentez probablement rien de spécifique, si ce n'est l'absence de règles. Vos hormones (HCG) augmentent rapidement, ce qui peut provoquer une légère tension dans les seins et une fatigue inhabituelle. Le test de grossesse est positif : félicitations !",,,"
**Consultez rapidement si :**
*   Vous avez des douleurs intenses et persistantes dans le bas-ventre (crampes sévères).
*   Vous avez de la fièvre (température élevée).
*   Vous ne parvenez plus à vous hydrater à cause des vomissements (ne garde rien).

**Appelez les urgences si :**
*   Vous avez des saignements vaginaux abondants (hémorragie).
*   Vous perdez connaissance (perte de conscience).
",,,"a01_symptômes_de_grossesse,a04_nausées_matinales",s01_acide_folique,"c01,c25",week_04.png,,• L'embryon est plus petit qu'un grain de riz. • Le sac vitellin fournit les premiers nutriments. • Les fondations de tous les organes sont posées.,,,• Continuez l'acide folique et la vitamine D. • Mangez de petites portions fréquentes pour gérer les nausées. • Reposez-vous dès que vous en ressentez le besoin.,,,Le premier trimestre s'achève ! Le fœtus est maintenant formé et les risques diminuent. Votre énergie devrait bientôt revenir.,,,v01_semaine01_intro
5,Semaine 5 – ### Le cœur qui bat,,,🫘,1er,Graine de sésame (2 mm),,,2.0,0.1,"L'embryon prend la forme d'un petit têtard. Le tube neural, qui deviendra le cerveau et la moelle épinière, commence à se fermer. Surtout, le cœur primitif commence à battre, bien que de manière irrégulière au début. C'est un moment clé du développement.",,,Les nausées matinales et la fatigue intense sont à leur apogée. Vos seins sont plus sensibles et peuvent avoir des veines plus apparentes. Les changements d'humeur sont fréquents en raison des bouleversements hormonaux. C'est le moment de vous reposer dès que possible.,,,"
**Consultez rapidement si :**
*   Vous avez des douleurs intenses et persistantes dans le bas-ventre (crampes sévères).
*   Vous avez de la fièvre (température élevée).
*   Vous ne parvenez plus à vous hydrater à cause des vomissements (ne garde rien).

**Appelez les urgences si :**
*   Vous avez des saignements vaginaux abondants (hémorragie).
*   Vous perdez connaissance (perte de conscience).
",,,"a01_symptômes_de_grossesse,a04_nausées_matinales,a07_changements_émotionnels_pendant","s01_acide_folique,s03_vitamine_d","c01,c15",week_05.png,,• Le cœur bat à environ 150 battements par minute. • Les bourgeons des membres se transforment en mains et pieds. • Les yeux et les oreilles commencent à se former.,,,• Continuez l'acide folique et la vitamine D. • Mangez de petites portions fréquentes pour gérer les nausées. • Reposez-vous dès que vous en ressentez le besoin.,,,Le premier trimestre s'achève ! Le fœtus est maintenant formé et les risques diminuent. Votre énergie devrait bientôt revenir.,,,"v02_semaine05_coeur,v08_nutrition_generale"
6,Semaine 6 – ### Les premiers organes,,,🫘,1er,Lentille (4 mm),,,4.0,1.0,"Les principaux organes se forment rapidement (organogenèse). Le cerveau se développe à un rythme incroyable. De minuscules bourgeons apparaissent, qui deviendront les bras et les jambes. L'embryon mesure environ 1,6 cm à la fin de cette période. Il est très vulnérable aux facteurs extérieurs.",,,Les nausées matinales et la fatigue intense sont à leur apogée. Vos seins sont plus sensibles et peuvent avoir des veines plus apparentes. Les changements d'humeur sont fréquents en raison des bouleversements hormonaux. C'est le moment de vous reposer dès que possible.,,,"
**Consultez rapidement si :**
*   Vous avez des douleurs intenses et persistantes dans le bas-ventre (crampes sévères).
*   Vous avez de la fièvre (température élevée).
*   Vous ne parvenez plus à vous hydrater à cause des vomissements (ne garde rien).

**Appelez les urgences si :**
*   Vous avez des saignements vaginaux abondants (hémorragie).
*   Vous perdez connaissance (perte de conscience).
",,,"a01_symptômes_de_grossesse,a03_examens_médicaux_pendant,a04_nausées_matinales,a07_changements_émotionnels_pendant","s01_acide_folique,s03_vitamine_d","c01,c02,c15",week_06.png,,• Le cœur bat à environ 150 battements par minute. • Les bourgeons des membres se transforment en mains et pieds. • Les yeux et les oreilles commencent à se former.,,,• Continuez l'acide folique et la vitamine D. • Mangez de petites portions fréquentes pour gérer les nausées. • Reposez-vous dès que vous en ressentez le besoin.,,,Le premier trimestre s'achève ! Le fœtus est maintenant formé et les risques diminuent. Votre énergie devrait bientôt revenir.,,,
7,Semaine 7 – ### Le développement cérébral,,,🫘,1er,Myrtille (8 mm),,,8.0,1.0,"Les principaux organes se forment rapidement (organogenèse). Le cerveau se développe à un rythme incroyable. De minuscules bourgeons apparaissent, qui deviendront les bras et les jambes. L'embryon mesure environ 1,6 cm à la fin de cette période. Il est très vulnérable aux facteurs extérieurs.",,,Les nausées matinales et la fatigue intense sont à leur apogée. Vos seins sont plus sensibles et peuvent avoir des veines plus apparentes. Les changements d'humeur sont fréquents en raison des bouleversements hormonaux. C'est le moment de vous reposer dès que possible.,,,"
**Consultez rapidement si :**
*   Vous avez des douleurs intenses et persistantes dans le bas-ventre (crampes sévères).
*   Vous avez de la fièvre (température élevée).
*   Vous ne parvenez plus à vous hydrater à cause des vomissements (ne garde rien).

**Appelez les urgences si :**
*   Vous avez des saignements vaginaux abondants (hémorragie).
*   Vous perdez connaissance (perte de conscience).
",,,"a01_symptômes_de_grossesse,a03_examens_médicaux_pendant,a04_nausées_matinales,a07_changements_émotionnels_pendant","s01_acide_folique,s03_vitamine_d","c02,c15",week_07.png,,• Le cœur bat à environ 150 battements par minute. • Les bourgeons des membres se transforment en mains et pieds. • Les yeux et les oreilles commencent à se former.,,,• Continuez l'acide folique et la vitamine D. • Mangez de petites portions fréquentes pour gérer les nausées. • Reposez-vous dès que vous en ressentez le besoin.,,,Le premier trimestre s'achève ! Le fœtus est maintenant formé et les risques diminuent. Votre énergie devrait bientôt revenir.,,,
8,Semaine 8 – ### Un petit embryon complet,,,🫘,1er,"Framboise (1,6 cm)",,,1.6,1.0,"Les principaux organes se forment rapidement (organogenèse). Le cerveau se développe à un rythme incroyable. De minuscules bourgeons apparaissent, qui deviendront les bras et les jambes. L'embryon mesure environ 1,6 cm à la fin de cette période. Il est très vulnérable aux facteurs extérieurs.",,,Les nausées matinales et la fatigue intense sont à leur apogée. Vos seins sont plus sensibles et peuvent avoir des veines plus apparentes. Les changements d'humeur sont fréquents en raison des bouleversements hormonaux. C'est le moment de vous reposer dès que possible.,,,"
**Consultez rapidement si :**
*   Vous avez des douleurs intenses et persistantes dans le bas-ventre (crampes sévères).
*   Vous avez de la fièvre (température élevée).
*   Vous ne parvenez plus à vous hydrater à cause des vomissements (ne garde rien).

**Appelez les urgences si :**
*   Vous avez des saignements vaginaux abondants (hémorragie).
*   Vous perdez connaissance (perte de conscience).
",,,"a01_symptômes_de_grossesse,a04_nausées_matinales,a07_changements_émotionnels_pendant,a18_grossesse_et_sexualité","s01_acide_folique,s03_vitamine_d","c02,c15",week_08.png,,• Le cœur bat à environ 150 battements par minute. • Les bourgeons des membres se transforment en mains et pieds. • Les yeux et les oreilles commencent à se former.,,,• Continuez l'acide folique et la vitamine D. • Mangez de petites portions fréquentes pour gérer les nausées. • Reposez-vous dès que vous en ressentez le besoin.,,,Le premier trimestre s'achève ! Le fœtus est maintenant formé et les risques diminuent. Votre énergie devrait bientôt revenir.,,,
9,Semaine 9 – ### La transition vers le fœtus,,,🍋,1er,"Olive (2,3 cm)",,,2.3,2.0,"L'embryon devient officiellement un fœtus. Tous les organes sont en place, ils n'ont plus qu'à grandir et mûrir. Les doigts et les orteils se séparent. Le fœtus bouge beaucoup, mais ses mouvements sont encore trop légers pour être ressentis. À la fin du premier trimestre, le risque de fausse couche diminue fortement.",,,"La fatigue et les nausées commencent généralement à s'atténuer. Votre utérus a la taille d'un pamplemousse, mais votre ventre n'est pas encore très visible. Vous pourriez ressentir des douleurs ligamentaires (tiraillements dans le bas-ventre) lorsque vous changez de position. Le risque de fausse couche diminue, ce qui est souvent un soulagement émotionnel.",,,"
**Consultez rapidement si :**
*   Vous avez des douleurs intenses et persistantes dans le bas-ventre (crampes sévères).
*   Vous avez de la fièvre (température élevée).
*   Vous ne parvenez plus à vous hydrater à cause des vomissements (ne garde rien).

**Appelez les urgences si :**
*   Vous avez des saignements vaginaux abondants (hémorragie).
*   Vous perdez connaissance (perte de conscience).
",,,"a04_nausées_matinales,a07_changements_émotionnels_pendant,a18_grossesse_et_sexualité","s01_acide_folique,s03_vitamine_d","c03,c15",week_09.png,,• Le fœtus peut sucer son pouce. • Ses empreintes digitales sont déjà uniques. • Il commence à uriner dans le liquide amniotique.,,,• Continuez l'acide folique et la vitamine D. • Mangez de petites portions fréquentes pour gérer les nausées. • Reposez-vous dès que vous en ressentez le besoin.,,,Le premier trimestre s'achève ! Le fœtus est maintenant formé et les risques diminuent. Votre énergie devrait bientôt revenir.,,,
10,Semaine 10 – ### Les premiers mouvements,,,🍋,1er,"Prune (3,1 cm)",,,3.1,4.0,"L'embryon devient officiellement un fœtus. Tous les organes sont en place, ils n'ont plus qu'à grandir et mûrir. Les doigts et les orteils se séparent. Le fœtus bouge beaucoup, mais ses mouvements sont encore trop légers pour être ressentis. À la fin du premier trimestre, le risque de fausse couche diminue fortement.",,,"La fatigue et les nausées commencent généralement à s'atténuer. Votre utérus a la taille d'un pamplemousse, mais votre ventre n'est pas encore très visible. Vous pourriez ressentir des douleurs ligamentaires (tiraillements dans le bas-ventre) lorsque vous changez de position. Le risque de fausse couche diminue, ce qui est souvent un soulagement émotionnel.",,,"
**Consultez rapidement si :**
*   Vous avez des douleurs intenses et persistantes dans le bas-ventre (crampes sévères).
*   Vous avez de la fièvre (température élevée).
*   Vous ne parvenez plus à vous hydrater à cause des vomissements (ne garde rien).

**Appelez les urgences si :**
*   Vous avez des saignements vaginaux abondants (hémorragie).
*   Vous perdez connaissance (perte de conscience).
",,,"a04_nausées_matinales,a07_changements_émotionnels_pendant,a18_grossesse_et_sexualité","s01_acide_folique,s03_vitamine_d","c03,c11,c15",week_10.png,,• Le fœtus peut sucer son pouce. • Ses empreintes digitales sont déjà uniques. • Il commence à uriner dans le liquide amniotique.,,,• Continuez l'acide folique et la vitamine D. • Mangez de petites portions fréquentes pour gérer les nausées. • Reposez-vous dès que vous en ressentez le besoin.,,,Le premier trimestre s'achève ! Le fœtus est maintenant formé et les risques diminuent. Votre énergie devrait bientôt revenir.,,,"v08_nutrition_generale,v09_redflags_urgences"
11,Semaine 11 – ### Le développement des traits du visage,,,🍋,1,"Figue (4,1 cm)",,,4.1,7.0,"L'embryon devient officiellement un fœtus. Tous les organes sont en place, ils n'ont plus qu'à grandir et mûrir. Les doigts et les orteils se séparent. Le fœtus bouge beaucoup, mais ses mouvements sont encore trop légers pour être ressentis. À la fin du premier trimestre, le risque de fausse couche diminue fortement.",,,"La fatigue et les nausées commencent généralement à s'atténuer. Votre utérus a la taille d'un pamplemousse, mais votre ventre n'est pas encore très visible. Vous pourriez ressentir des douleurs ligamentaires (tiraillements dans le bas-ventre) lorsque vous changez de position. Le risque de fausse couche diminue, ce qui est souvent un soulagement émotionnel.",,,"
**Consultez rapidement si :**
*   Vous avez des douleurs intenses et persistantes dans le bas-ventre (crampes sévères).
*   Vous avez de la fièvre (température élevée).
*   Vous ne parvenez plus à vous hydrater à cause des vomissements (ne garde rien).

**Appelez les urgences si :**
*   Vous avez des saignements vaginaux abondants (hémorragie).
*   Vous perdez connaissance (perte de conscience).
",,,"a03_examens_médicaux_pendant,a05_exercice_physique_pendant,a16_grossesse_et_travail","s01_acide_folique,s03_vitamine_d","c04,c11,c15",week_11.png,,• Le fœtus peut sucer son pouce. • Ses empreintes digitales sont déjà uniques. • Il commence à uriner dans le liquide amniotique.,,,• Continuez l'acide folique et la vitamine D. • Mangez de petites portions fréquentes pour gérer les nausées. • Reposez-vous dès que vous en ressentez le besoin.,,,Le premier trimestre s'achève ! Le fœtus est maintenant formé et les risques diminuent. Votre énergie devrait bientôt revenir.,,,
12,Semaine 12 – ### La formation des empreintes digitales,,,🍋,1,"Citron vert (5,4 cm)",,,5.4,14.0,"L'embryon devient officiellement un fœtus. Tous les organes sont en place, ils n'ont plus qu'à grandir et mûrir. Les doigts et les orteils se séparent. Le fœtus bouge beaucoup, mais ses mouvements sont encore trop légers pour être ressentis. À la fin du premier trimestre, le risque de fausse couche diminue fortement.",,,"La fatigue et les nausées commencent généralement à s'atténuer. Votre utérus a la taille d'un pamplemousse, mais votre ventre n'est pas encore très visible. Vous pourriez ressentir des douleurs ligamentaires (tiraillements dans le bas-ventre) lorsque vous changez de position. Le risque de fausse couche diminue, ce qui est souvent un soulagement émotionnel.",,,"
**Consultez rapidement si :**
*   Vous avez des douleurs intenses et persistantes dans le bas-ventre (crampes sévères).
*   Vous avez de la fièvre (température élevée).
*   Vous ne parvenez plus à vous hydrater à cause des vomissements (ne garde rien).

**Appelez les urgences si :**
*   Vous avez des saignements vaginaux abondants (hémorragie).
*   Vous perdez connaissance (perte de conscience).
",,,"a03_examens_médicaux_pendant,a05_exercice_physique_pendant,a16_grossesse_et_travail","s03_vitamine_d,s05_dha_omega3","c04,c19,c15",week_12.png,,• Le fœtus peut sucer son pouce. • Ses empreintes digitales sont déjà uniques. • Il commence à uriner dans le liquide amniotique.,,,• Continuez l'acide folique et la vitamine D. • Mangez de petites portions fréquentes pour gérer les nausées. • Reposez-vous dès que vous en ressentez le besoin.,,,Le premier trimestre s'achève ! Le fœtus est maintenant formé et les risques diminuent. Votre énergie devrait bientôt revenir.,,,v03_semaine12_echographie
13,Semaine 13 – ### La fin du premier trimestre,,,🥑,1,"Pêche (7,4 cm)",,,7.4,23.0,Le corps du fœtus s'allonge et se redresse. Ses os commencent à se solidifier. Il peut désormais froncer les sourcils et faire des mimiques. Les reins fonctionnent et il commence à uriner dans le liquide amniotique. La peau est très fine et transparente.,,,"Le 'trimestre de la lune de miel' commence ! Votre énergie revient et les nausées disparaissent. Votre ventre commence à s'arrondir et vous pouvez commencer à porter des vêtements de grossesse. Votre volume sanguin augmente, ce qui peut causer des vertiges occasionnels.",,,"
**Consultez rapidement si :**
*   Vous avez des maux de tête violents et persistants (céphalée).
*   Vous avez des troubles de la vision (éclairs lumineux).
*   Vous ressentez un gonflement soudain du visage ou des mains (gonflement visage).
*   Vous avez des brûlures en urinant (cystite).

**Appelez les urgences si :**
*   Vous avez des douleurs thoraciques ou des difficultés à respirer (essoufflement).
*   Vous avez des douleurs intenses et persistantes dans le bas-ventre (crampes sévères).
",,,"a05_exercice_physique_pendant,a06_sommeil_pendant_la,a16_grossesse_et_travail","s05_dha_omega3,s07_magnesium","c05,c15",week_13.png,,"• Le bébé peut entendre les sons internes de votre corps (battements de cœur, digestion). • Ses muscles faciaux lui permettent de faire des mimiques. • Les ongles commencent à pousser.",,,• Commencez à dormir sur le côté gauche. • Hydratez-vous pour prévenir les crampes. • Faites des exercices de Kegel pour renforcer le périnée.,,,Vous êtes à mi-chemin ! Le bébé entend votre voix et vous allez bientôt sentir ses premiers mouvements. Profitez de cette période de regain de forme.,,,
14,Semaine 14 – ### Le développement des sens,,,🥑,2,"Citron (8,7 cm)",,,8.7,43.0,Le corps du fœtus s'allonge et se redresse. Ses os commencent à se solidifier. Il peut désormais froncer les sourcils et faire des mimiques. Les reins fonctionnent et il commence à uriner dans le liquide amniotique. La peau est très fine et transparente.,,,"Le 'trimestre de la lune de miel' commence ! Votre énergie revient et les nausées disparaissent. Votre ventre commence à s'arrondir et vous pouvez commencer à porter des vêtements de grossesse. Votre volume sanguin augmente, ce qui peut causer des vertiges occasionnels.",,,"
**Consultez rapidement si :**
*   Vous avez des maux de tête violents et persistants (céphalée).
*   Vous avez des troubles de la vision (éclairs lumineux).
*   Vous ressentez un gonflement soudain du visage ou des mains (gonflement visage).
*   Vous avez des brûlures en urinant (cystite).

**Appelez les urgences si :**
*   Vous avez des douleurs thoraciques ou des difficultés à respirer (essoufflement).
*   Vous avez des douleurs intenses et persistantes dans le bas-ventre (crampes sévères).
",,,"a05_exercice_physique_pendant,a06_sommeil_pendant_la,a16_grossesse_et_travail","s05_dha_omega3,s07_magnesium","c05,c15",week_14.png,,"• Le bébé peut entendre les sons internes de votre corps (battements de cœur, digestion). • Ses muscles faciaux lui permettent de faire des mimiques. • Les ongles commencent à pousser.",,,• Commencez à dormir sur le côté gauche. • Hydratez-vous pour prévenir les crampes. • Faites des exercices de Kegel pour renforcer le périnée.,,,Vous êtes à mi-chemin ! Le bébé entend votre voix et vous allez bientôt sentir ses premiers mouvements. Profitez de cette période de regain de forme.,,,
15,Semaine 15 – ### La croissance des cheveux,,,🥑,2,"Pomme (10,1 cm)",,,10.1,70.0,Le corps du fœtus s'allonge et se redresse. Ses os commencent à se solidifier. Il peut désormais froncer les sourcils et faire des mimiques. Les reins fonctionnent et il commence à uriner dans le liquide amniotique. La peau est très fine et transparente.,,,"Le 'trimestre de la lune de miel' commence ! Votre énergie revient et les nausées disparaissent. Votre ventre commence à s'arrondir et vous pouvez commencer à porter des vêtements de grossesse. Votre volume sanguin augmente, ce qui peut causer des vertiges occasionnels.",,,"
**Consultez rapidement si :**
*   Vous avez des maux de tête violents et persistants (céphalée).
*   Vous avez des troubles de la vision (éclairs lumineux).
*   Vous ressentez un gonflement soudain du visage ou des mains (gonflement visage).
*   Vous avez des brûlures en urinant (cystite).

**Appelez les urgences si :**
*   Vous avez des douleurs thoraciques ou des difficultés à respirer (essoufflement).
*   Vous avez des douleurs intenses et persistantes dans le bas-ventre (crampes sévères).
",,,"a05_exercice_physique_pendant,a06_sommeil_pendant_la,a18_grossesse_et_sexualité","s02_fer,s07_magnesium","c05,c15",week_15.png,,"• Le bébé peut entendre les sons internes de votre corps (battements de cœur, digestion). • Ses muscles faciaux lui permettent de faire des mimiques. • Les ongles commencent à pousser.",,,• Commencez à dormir sur le côté gauche. • Hydratez-vous pour prévenir les crampes. • Faites des exercices de Kegel pour renforcer le périnée.,,,Vous êtes à mi-chemin ! Le bébé entend votre voix et vous allez bientôt sentir ses premiers mouvements. Profitez de cette période de regain de forme.,,,v08_nutrition_generale
16,Semaine 16 – ### L'éveil des sens,,,🥑,2,Avocat (16 cm),,,16.0,150.0,Le corps du fœtus s'allonge et se redresse. Ses os commencent à se solidifier. Il peut désormais froncer les sourcils et faire des mimiques. Les reins fonctionnent et il commence à uriner dans le liquide amniotique. La peau est très fine et transparente.,,,"Le 'trimestre de la lune de miel' commence ! Votre énergie revient et les nausées disparaissent. Votre ventre commence à s'arrondir et vous pouvez commencer à porter des vêtements de grossesse. Votre volume sanguin augmente, ce qui peut causer des vertiges occasionnels.",,,"
**Consultez rapidement si :**
*   Vous avez des maux de tête violents et persistants (céphalée).
*   Vous avez des troubles de la vision (éclairs lumineux).
*   Vous ressentez un gonflement soudain du visage ou des mains (gonflement visage).
*   Vous avez des brûlures en urinant (cystite).

**Appelez les urgences si :**
*   Vous avez des douleurs thoraciques ou des difficultés à respirer (essoufflement).
*   Vous avez des douleurs intenses et persistantes dans le bas-ventre (crampes sévères).
",,,"a05_exercice_physique_pendant,a06_sommeil_pendant_la,a18_grossesse_et_sexualité","s02_fer,s07_magnesium","c05,c15",week_16.png,,"• Le bébé peut entendre les sons internes de votre corps (battements de cœur, digestion). • Ses muscles faciaux lui permettent de faire des mimiques. • Les ongles commencent à pousser.",,,• Commencez à dormir sur le côté gauche. • Hydratez-vous pour prévenir les crampes. • Faites des exercices de Kegel pour renforcer le périnée.,,,Vous êtes à mi-chemin ! Le bébé entend votre voix et vous allez bientôt sentir ses premiers mouvements. Profitez de cette période de regain de forme.,,,
17,Semaine 17 – ### Le développement des glandes sudoripares,,,🍐,2,Poire (13 cm),,,13.0,140.0,"Vous êtes à mi-chemin ! Le fœtus est maintenant bien proportionné. Il est recouvert d'un duvet fin (lanugo) et d'une substance protectrice, le vernix caseosa. Il commence à entendre les sons extérieurs, notamment votre voix. C'est souvent la semaine où vous allez ressentir ses premiers mouvements (le 'quickening').",,,Vous sentez probablement votre bébé bouger pour la première fois (petits 'flottements' ou 'bulles'). Votre utérus atteint le niveau de votre nombril. Vous pourriez avoir le nez bouché ou des saignements de gencives (gingivite de grossesse) en raison de l'augmentation du flux sanguin. C'est le moment de profiter de votre regain de forme.,,,"
**Consultez rapidement si :**
*   Vous avez des maux de tête violents et persistants (céphalée).
*   Vous avez des troubles de la vision (éclairs lumineux).
*   Vous ressentez un gonflement soudain du visage ou des mains (gonflement visage).
*   Vous avez des brûlures en urinant (cystite).

**Appelez les urgences si :**
*   Vous avez des douleurs thoraciques ou des difficultés à respirer (essoufflement).
*   Vous avez des douleurs intenses et persistantes dans le bas-ventre (crampes sévères).
",,,"a05_exercice_physique_pendant,a06_sommeil_pendant_la,a18_grossesse_et_sexualité","s02_fer,s07_magnesium","c05,c15",week_17.png,,• Le bébé est à mi-chemin de sa taille finale. • Il est recouvert de lanugo (duvet fin). • Il alterne entre des cycles de sommeil et d'éveil.,,,• Commencez à dormir sur le côté gauche. • Hydratez-vous pour prévenir les crampes. • Faites des exercices de Kegel pour renforcer le périnée.,,,Vous êtes à mi-chemin ! Le bébé entend votre voix et vous allez bientôt sentir ses premiers mouvements. Profitez de cette période de regain de forme.,,,
18,Semaine 18 – ### Les premiers mouvements ressentis,,,🍐,2,"Poivron (14,2 cm)",,,14.2,190.0,"Vous êtes à mi-chemin ! Le fœtus est maintenant bien proportionné. Il est recouvert d'un duvet fin (lanugo) et d'une substance protectrice, le vernix caseosa. Il commence à entendre les sons extérieurs, notamment votre voix. C'est souvent la semaine où vous allez ressentir ses premiers mouvements (le 'quickening').",,,Vous sentez probablement votre bébé bouger pour la première fois (petits 'flottements' ou 'bulles'). Votre utérus atteint le niveau de votre nombril. Vous pourriez avoir le nez bouché ou des saignements de gencives (gingivite de grossesse) en raison de l'augmentation du flux sanguin. C'est le moment de profiter de votre regain de forme.,,,"
**Consultez rapidement si :**
*   Vous avez des maux de tête violents et persistants (céphalée).
*   Vous avez des troubles de la vision (éclairs lumineux).
*   Vous ressentez un gonflement soudain du visage ou des mains (gonflement visage).
*   Vous avez des brûlures en urinant (cystite).

**Appelez les urgences si :**
*   Vous avez des douleurs thoraciques ou des difficultés à respirer (essoufflement).
*   Vous avez des douleurs intenses et persistantes dans le bas-ventre (crampes sévères).
",,,"a05_exercice_physique_pendant,a06_sommeil_pendant_la,a08_liste_dachats_pour","s02_fer,s07_magnesium","c06,c15",week_18.png,,• Le bébé est à mi-chemin de sa taille finale. • Il est recouvert de lanugo (duvet fin). • Il alterne entre des cycles de sommeil et d'éveil.,,,• Commencez à dormir sur le côté gauche. • Hydratez-vous pour prévenir les crampes. • Faites des exercices de Kegel pour renforcer le périnée.,,,Vous êtes à mi-chemin ! Le bébé entend votre voix et vous allez bientôt sentir ses premiers mouvements. Profitez de cette période de regain de forme.,,,
19,Semaine 19 – ### Le développement du vernix,,,🍐,2,"Mangue (15,3 cm)",,,15.3,240.0,"Vous êtes à mi-chemin ! Le fœtus est maintenant bien proportionné. Il est recouvert d'un duvet fin (lanugo) et d'une substance protectrice, le vernix caseosa. Il commence à entendre les sons extérieurs, notamment votre voix. C'est souvent la semaine où vous allez ressentir ses premiers mouvements (le 'quickening').",,,Vous sentez probablement votre bébé bouger pour la première fois (petits 'flottements' ou 'bulles'). Votre utérus atteint le niveau de votre nombril. Vous pourriez avoir le nez bouché ou des saignements de gencives (gingivite de grossesse) en raison de l'augmentation du flux sanguin. C'est le moment de profiter de votre regain de forme.,,,"
**Consultez rapidement si :**
*   Vous avez des maux de tête violents et persistants (céphalée).
*   Vous avez des troubles de la vision (éclairs lumineux).
*   Vous ressentez un gonflement soudain du visage ou des mains (gonflement visage).
*   Vous avez des brûlures en urinant (cystite).

**Appelez les urgences si :**
*   Vous avez des douleurs thoraciques ou des difficultés à respirer (essoufflement).
*   Vous avez des douleurs intenses et persistantes dans le bas-ventre (crampes sévères).
",,,"a05_exercice_physique_pendant,a06_sommeil_pendant_la,a08_liste_dachats_pour","s02_fer,s07_magnesium","c06,c15",week_19.png,,• Le bébé est à mi-chemin de sa taille finale. • Il est recouvert de lanugo (duvet fin). • Il alterne entre des cycles de sommeil et d'éveil.,,,• Commencez à dormir sur le côté gauche. • Hydratez-vous pour prévenir les crampes. • Faites des exercices de Kegel pour renforcer le périnée.,,,Vous êtes à mi-chemin ! Le bébé entend votre voix et vous allez bientôt sentir ses premiers mouvements. Profitez de cette période de regain de forme.,,,
20,Semaine 20 – ### À mi-parcours,,,🍐,2,"Banane (16,4 cm)",,,16.4,300.0,"Vous êtes à mi-chemin ! Le fœtus est maintenant bien proportionné. Il est recouvert d'un duvet fin (lanugo) et d'une substance protectrice, le vernix caseosa. Il commence à entendre les sons extérieurs, notamment votre voix. C'est souvent la semaine où vous allez ressentir ses premiers mouvements (le 'quickening').",,,Vous sentez probablement votre bébé bouger pour la première fois (petits 'flottements' ou 'bulles'). Votre utérus atteint le niveau de votre nombril. Vous pourriez avoir le nez bouché ou des saignements de gencives (gingivite de grossesse) en raison de l'augmentation du flux sanguin. C'est le moment de profiter de votre regain de forme.,,,"
**Consultez rapidement si :**
*   Vous avez des maux de tête violents et persistants (céphalée).
*   Vous avez des troubles de la vision (éclairs lumineux).
*   Vous ressentez un gonflement soudain du visage ou des mains (gonflement visage).
*   Vous avez des brûlures en urinant (cystite).

**Appelez les urgences si :**
*   Vous avez des douleurs thoraciques ou des difficultés à respirer (essoufflement).
*   Vous avez des douleurs intenses et persistantes dans le bas-ventre (crampes sévères).
",,,"a20_mouvements_du_bébé,a06_sommeil_pendant_la,a05_exercice_physique_pendant","s02_fer,s07_magnesium","c06,c12,c15",week_20.png,,• Le bébé est à mi-chemin de sa taille finale. • Il est recouvert de lanugo (duvet fin). • Il alterne entre des cycles de sommeil et d'éveil.,,,• Commencez à dormir sur le côté gauche. • Hydratez-vous pour prévenir les crampes. • Faites des exercices de Kegel pour renforcer le périnée.,,,Vous êtes à mi-chemin ! Le bébé entend votre voix et vous allez bientôt sentir ses premiers mouvements. Profitez de cette période de regain de forme.,,,"v04_semaine20_mouvements,v08_nutrition_generale,v09_redflags_urgences"
21,Semaine 21 – ### Le développement des sourcils et des cils,,,🥭,2,"Carotte (26,7 cm)",,,26.7,360.0,"Le développement des poumons est crucial, avec la formation des alvéoles. Le fœtus prend du poids et son visage devient plus identifiable. Il alterne entre des cycles de sommeil et d'éveil. Ses mouvements deviennent plus forts et réguliers.",,,"Votre prise de poids s'accélère. Vous pourriez ressentir des contractions de Braxton Hicks (fausses contractions) : elles sont courtes et indolores. Les problèmes de sommeil peuvent commencer, car il devient difficile de trouver une position confortable. Pensez à dormir sur le côté gauche.",,,"
**Consultez rapidement si :**
*   Vous avez des maux de tête violents et persistants (céphalée).
*   Vous avez des troubles de la vision (éclairs lumineux).
*   Vous ressentez un gonflement soudain du visage ou des mains (gonflement visage).
*   Vous avez des brûlures en urinant (cystite).

**Appelez les urgences si :**
*   Vous avez des douleurs thoraciques ou des difficultés à respirer (essoufflement).
*   Vous avez des douleurs intenses et persistantes dans le bas-ventre (crampes sévères).
",,,"a20_mouvements_du_bébé,a06_sommeil_pendant_la,a05_exercice_physique_pendant","s02_fer,s07_magnesium","c07,c12,c15",week_21.png,,• Les poumons se préparent à respirer. • Il réagit aux bruits forts par des sursauts. • Le bébé prend environ 90 grammes par semaine.,,,• Massez votre ventre avec une huile pour prévenir les vergetures. • Pensez à vos cours de préparation à la naissance. • Portez des chaussures confortables pour soulager le dos.,,,Le troisième trimestre approche. Le bébé prend du poids rapidement et son système nerveux mûrit. Pensez à votre préparation à la naissance.,,,
22,Semaine 22 – ### Le développement des sens,,,🥭,2,"Papaye (27,8 cm)",,,27.8,430.0,"Le développement des poumons est crucial, avec la formation des alvéoles. Le fœtus prend du poids et son visage devient plus identifiable. Il alterne entre des cycles de sommeil et d'éveil. Ses mouvements deviennent plus forts et réguliers.",,,"Votre prise de poids s'accélère. Vous pourriez ressentir des contractions de Braxton Hicks (fausses contractions) : elles sont courtes et indolores. Les problèmes de sommeil peuvent commencer, car il devient difficile de trouver une position confortable. Pensez à dormir sur le côté gauche.",,,"
**Consultez rapidement si :**
*   Vous avez des maux de tête violents et persistants (céphalée).
*   Vous avez des troubles de la vision (éclairs lumineux).
*   Vous ressentez un gonflement soudain du visage ou des mains (gonflement visage).
*   Vous avez des brûlures en urinant (cystite).

**Appelez les urgences si :**
*   Vous avez des douleurs thoraciques ou des difficultés à respirer (essoufflement).
*   Vous avez des douleurs intenses et persistantes dans le bas-ventre (crampes sévères).
",,,"a20_mouvements_du_bébé,a06_sommeil_pendant_la,a05_exercice_physique_pendant","s02_fer,s07_magnesium","c07,c12,c15",week_22.png,,• Les poumons se préparent à respirer. • Il réagit aux bruits forts par des sursauts. • Le bébé prend environ 90 grammes par semaine.,,,• Massez votre ventre avec une huile pour prévenir les vergetures. • Pensez à vos cours de préparation à la naissance. • Portez des chaussures confortables pour soulager le dos.,,,Le troisième trimestre approche. Le bébé prend du poids rapidement et son système nerveux mûrit. Pensez à votre préparation à la naissance.,,,
23,Semaine 23 – ### Le développement des poumons,,,🥭,2,"Aubergine (28,9 cm)",,,28.9,500.0,"Le développement des poumons est crucial, avec la formation des alvéoles. Le fœtus prend du poids et son visage devient plus identifiable. Il alterne entre des cycles de sommeil et d'éveil. Ses mouvements deviennent plus forts et réguliers.",,,"Votre prise de poids s'accélère. Vous pourriez ressentir des contractions de Braxton Hicks (fausses contractions) : elles sont courtes et indolores. Les problèmes de sommeil peuvent commencer, car il devient difficile de trouver une position confortable. Pensez à dormir sur le côté gauche.",,,"
**Consultez rapidement si :**
*   Vous avez des maux de tête violents et persistants (céphalée).
*   Vous avez des troubles de la vision (éclairs lumineux).
*   Vous ressentez un gonflement soudain du visage ou des mains (gonflement visage).
*   Vous avez des brûlures en urinant (cystite).

**Appelez les urgences si :**
*   Vous avez des douleurs thoraciques ou des difficultés à respirer (essoufflement).
*   Vous avez des douleurs intenses et persistantes dans le bas-ventre (crampes sévères).
",,,"a20_mouvements_du_bébé,a06_sommeil_pendant_la,a05_exercice_physique_pendant","s02_fer,s07_magnesium","c07,c12,c15",week_23.png,,• Les poumons se préparent à respirer. • Il réagit aux bruits forts par des sursauts. • Le bébé prend environ 90 grammes par semaine.,,,• Massez votre ventre avec une huile pour prévenir les vergetures. • Pensez à vos cours de préparation à la naissance. • Portez des chaussures confortables pour soulager le dos.,,,Le troisième trimestre approche. Le bébé prend du poids rapidement et son système nerveux mûrit. Pensez à votre préparation à la naissance.,,,
24,Semaine 24 – ### La viabilité,,,🥭,2,Maïs (30 cm),,,30.0,600.0,"Le développement des poumons est crucial, avec la formation des alvéoles. Le fœtus prend du poids et son visage devient plus identifiable. Il alterne entre des cycles de sommeil et d'éveil. Ses mouvements deviennent plus forts et réguliers.",,,"Votre prise de poids s'accélère. Vous pourriez ressentir des contractions de Braxton Hicks (fausses contractions) : elles sont courtes et indolores. Les problèmes de sommeil peuvent commencer, car il devient difficile de trouver une position confortable. Pensez à dormir sur le côté gauche.",,,"
**Consultez rapidement si :**
*   Vous avez des maux de tête violents et persistants (céphalée).
*   Vous avez des troubles de la vision (éclairs lumineux).
*   Vous ressentez un gonflement soudain du visage ou des mains (gonflement visage).
*   Vous avez des brûlures en urinant (cystite).

**Appelez les urgences si :**
*   Vous avez des douleurs thoraciques ou des difficultés à respirer (essoufflement).
*   Vous avez des douleurs intenses et persistantes dans le bas-ventre (crampes sévères).
",,,"a20_mouvements_du_bébé,a06_sommeil_pendant_la,a05_exercice_physique_pendant","s02_fer,s07_magnesium","c08,c12,c15",week_24.png,,• Les poumons se préparent à respirer. • Il réagit aux bruits forts par des sursauts. • Le bébé prend environ 90 grammes par semaine.,,,• Massez votre ventre avec une huile pour prévenir les vergetures. • Pensez à vos cours de préparation à la naissance. • Portez des chaussures confortables pour soulager le dos.,,,Le troisième trimestre approche. Le bébé prend du poids rapidement et son système nerveux mûrit. Pensez à votre préparation à la naissance.,,,
25,Semaine 25 – ### L'ouverture des narines,,,🥥,2,"Chou-fleur (34,6 cm)",,,34.6,660.0,"Le système nerveux mûrit rapidement, permettant au fœtus de mieux contrôler ses mouvements. Il ouvre et ferme les yeux. S'il naissait maintenant, il aurait de bonnes chances de survie avec des soins intensifs. Il prend une position de plus en plus recroquevillée dans l'utérus.",,,"Votre centre de gravité se déplace, ce qui peut causer des maux de dos. Les varices et les hémorroïdes peuvent apparaître. Vous pourriez avoir des fuites de colostrum (premier lait) au niveau des seins. Le troisième trimestre approche, il est temps de commencer les cours de préparation à la naissance.",,,"
**Consultez rapidement si :**
*   Vous avez des maux de tête violents et persistants (céphalée).
*   Vous avez des troubles de la vision (éclairs lumineux).
*   Vous ressentez un gonflement soudain du visage ou des mains (gonflement visage).
*   Vous avez des brûlures en urinant (cystite).

**Appelez les urgences si :**
*   Vous avez des douleurs thoraciques ou des difficultés à respirer (essoufflement).
*   Vous avez des douleurs intenses et persistantes dans le bas-ventre (crampes sévères).
",,,"a20_mouvements_du_bébé,a06_sommeil_pendant_la,a05_exercice_physique_pendant","s02_fer,s07_magnesium","c08,c12,c15",week_25.png,,• Le bébé ouvre et ferme les yeux. • Il peut distinguer la lumière et l'obscurité. • Son système nerveux est suffisamment développé pour contrôler la respiration et la température.,,,• Massez votre ventre avec une huile pour prévenir les vergetures. • Pensez à vos cours de préparation à la naissance. • Portez des chaussures confortables pour soulager le dos.,,,Le troisième trimestre approche. Le bébé prend du poids rapidement et son système nerveux mûrit. Pensez à votre préparation à la naissance.,,,v08_nutrition_generale
26,Semaine 26 – ### Le développement des yeux,,,🥥,2,"Chou (35,6 cm)",,,35.6,760.0,"Le système nerveux mûrit rapidement, permettant au fœtus de mieux contrôler ses mouvements. Il ouvre et ferme les yeux. S'il naissait maintenant, il aurait de bonnes chances de survie avec des soins intensifs. Il prend une position de plus en plus recroquevillée dans l'utérus.",,,"Votre centre de gravité se déplace, ce qui peut causer des maux de dos. Les varices et les hémorroïdes peuvent apparaître. Vous pourriez avoir des fuites de colostrum (premier lait) au niveau des seins. Le troisième trimestre approche, il est temps de commencer les cours de préparation à la naissance.",,,"
**Consultez rapidement si :**
*   Vous avez des maux de tête violents et persistants (céphalée).
*   Vous avez des troubles de la vision (éclairs lumineux).
*   Vous ressentez un gonflement soudain du visage ou des mains (gonflement visage).
*   Vous avez des brûlures en urinant (cystite).

**Appelez les urgences si :**
*   Vous avez des douleurs thoraciques ou des difficultés à respirer (essoufflement).
*   Vous avez des douleurs intenses et persistantes dans le bas-ventre (crampes sévères).
",,,"a20_mouvements_du_bébé,a06_sommeil_pendant_la,a05_exercice_physique_pendant","s02_fer,s07_magnesium","c08,c12,c15",week_26.png,,• Le bébé ouvre et ferme les yeux. • Il peut distinguer la lumière et l'obscurité. • Son système nerveux est suffisamment développé pour contrôler la respiration et la température.,,,• Massez votre ventre avec une huile pour prévenir les vergetures. • Pensez à vos cours de préparation à la naissance. • Portez des chaussures confortables pour soulager le dos.,,,Le troisième trimestre approche. Le bébé prend du poids rapidement et son système nerveux mûrit. Pensez à votre préparation à la naissance.,,,
27,Semaine 27 – ### Le développement du cerveau,,,🥥,2,"Chou-rave (36,6 cm)",,,36.6,875.0,"Le système nerveux mûrit rapidement, permettant au fœtus de mieux contrôler ses mouvements. Il ouvre et ferme les yeux. S'il naissait maintenant, il aurait de bonnes chances de survie avec des soins intensifs. Il prend une position de plus en plus recroquevillée dans l'utérus.",,,"Votre centre de gravité se déplace, ce qui peut causer des maux de dos. Les varices et les hémorroïdes peuvent apparaître. Vous pourriez avoir des fuites de colostrum (premier lait) au niveau des seins. Le troisième trimestre approche, il est temps de commencer les cours de préparation à la naissance.",,,"
**Consultez rapidement si :**
*   Vous avez des maux de tête violents et persistants (céphalée).
*   Vous avez des troubles de la vision (éclairs lumineux).
*   Vous ressentez un gonflement soudain du visage ou des mains (gonflement visage).
*   Vous avez des brûlures en urinant (cystite).

**Appelez les urgences si :**
*   Vous avez des douleurs thoraciques ou des difficultés à respirer (essoufflement).
*   Vous avez des douleurs intenses et persistantes dans le bas-ventre (crampes sévères).
",,,"a20_mouvements_du_bébé,a06_sommeil_pendant_la,a05_exercice_physique_pendant","s02_fer,s07_magnesium","c08,c12,c15",week_27.png,,• Le bébé ouvre et ferme les yeux. • Il peut distinguer la lumière et l'obscurité. • Son système nerveux est suffisamment développé pour contrôler la respiration et la température.,,,• Massez votre ventre avec une huile pour prévenir les vergetures. • Pensez à vos cours de préparation à la naissance. • Portez des chaussures confortables pour soulager le dos.,,,Le troisième trimestre approche. Le bébé prend du poids rapidement et son système nerveux mûrit. Pensez à votre préparation à la naissance.,,,
28,Semaine 28 – ### Les périodes d'éveil et de sommeil,,,🥥,3,"Aubergine (37,6 cm)",,,37.6,1.0,"Le système nerveux mûrit rapidement, permettant au fœtus de mieux contrôler ses mouvements. Il ouvre et ferme les yeux. S'il naissait maintenant, il aurait de bonnes chances de survie avec des soins intensifs. Il prend une position de plus en plus recroquevillée dans l'utérus.",,,"Votre centre de gravité se déplace, ce qui peut causer des maux de dos. Les varices et les hémorroïdes peuvent apparaître. Vous pourriez avoir des fuites de colostrum (premier lait) au niveau des seins. Le troisième trimestre approche, il est temps de commencer les cours de préparation à la naissance.",,,"
**Consultez rapidement si :**
*   Vous ne sentez plus votre bébé bouger ou ses mouvements sont très faibles (ne sens plus le bébé).
*   Vous avez des douleurs intenses et persistantes au ventre ou au foie (douleur foie).
*   Vous avez des maux de tête violents, des troubles de la vision ou un gonflement soudain (céphalée, éclairs lumineux, gonflement visage).
*   Vous perdez du liquide (clair, jaune ou verdâtre) (liquide chaud).

**Appelez les urgences si :**
*   Vous avez des saignements vaginaux abondants (hémorragie).
*   Vous avez des pensées de vous faire du mal ou de faire du mal au bébé (pensées suicidaires).
*   Vous perdez connaissance ou avez des convulsions (perte de conscience).
",,,"a09_préparation_à_laccouchement,a10_différentes_méthodes_daccouchement,a11_péridurale","s02_fer,s07_magnesium","c09,c10,c13,c15",week_28.png,,• Le bébé ouvre et ferme les yeux. • Il peut distinguer la lumière et l'obscurité. • Son système nerveux est suffisamment développé pour contrôler la respiration et la température.,,,• Massez votre ventre avec une huile pour prévenir les vergetures. • Pensez à vos cours de préparation à la naissance. • Portez des chaussures confortables pour soulager le dos.,,,Le troisième trimestre approche. Le bébé prend du poids rapidement et son système nerveux mûrit. Pensez à votre préparation à la naissance.,,,
29,Semaine 29 – ### Le développement des sens,,,🍉,3,"Butternut (38,6 cm)",,,38.6,1.15,"La prise de poids est spectaculaire, principalement due à l'accumulation de graisse sous-cutanée. Le cerveau continue de se développer avec la formation de milliards de connexions. Les poumons sont presque matures. Le fœtus est maintenant très à l'étroit et ses mouvements sont plus des étirements que des culbutes.",,,"L'essoufflement est fréquent car l'utérus appuie sur votre diaphragme. Les brûlures d'estomac peuvent s'intensifier. Votre bébé est très actif, ce qui peut perturber votre sommeil. Votre partenaire peut maintenant sentir les mouvements du bébé très clairement.",,,"
**Consultez rapidement si :**
*   Vous ne sentez plus votre bébé bouger ou ses mouvements sont très faibles (ne sens plus le bébé).
*   Vous avez des douleurs intenses et persistantes au ventre ou au foie (douleur foie).
*   Vous avez des maux de tête violents, des troubles de la vision ou un gonflement soudain (céphalée, éclairs lumineux, gonflement visage).
*   Vous perdez du liquide (clair, jaune ou verdâtre) (liquide chaud).

**Appelez les urgences si :**
*   Vous avez des saignements vaginaux abondants (hémorragie).
*   Vous avez des pensées de vous faire du mal ou de faire du mal au bébé (pensées suicidaires).
*   Vous perdez connaissance ou avez des convulsions (perte de conscience).
",,,"a09_préparation_à_laccouchement,a10_différentes_méthodes_daccouchement,a11_péridurale","s02_fer,s07_magnesium","c09,c10,c13,c15",week_29.png,,"• Les os se durcissent, sauf ceux du crâne. • Le bébé rêve déjà (activité cérébrale). • Il accumule une couche de graisse essentielle pour réguler sa température.",,,• Préparez votre valise de maternité. • Faites des siestes courtes si l'insomnie vous gagne. • Parlez à votre bébé pour renforcer le lien.,,,Le compte à rebours final est lancé. Le bébé se prépare pour la naissance. Soyez attentive aux signes du travail et reposez-vous au maximum.,,,
30,Semaine 30 – ### Le développement des ongles,,,🍉,3,"Chou (39,9 cm)",,,39.9,1.3,"La prise de poids est spectaculaire, principalement due à l'accumulation de graisse sous-cutanée. Le cerveau continue de se développer avec la formation de milliards de connexions. Les poumons sont presque matures. Le fœtus est maintenant très à l'étroit et ses mouvements sont plus des étirements que des culbutes.",,,"L'essoufflement est fréquent car l'utérus appuie sur votre diaphragme. Les brûlures d'estomac peuvent s'intensifier. Votre bébé est très actif, ce qui peut perturber votre sommeil. Votre partenaire peut maintenant sentir les mouvements du bébé très clairement.",,,"
**Consultez rapidement si :**
*   Vous ne sentez plus votre bébé bouger ou ses mouvements sont très faibles (ne sens plus le bébé).
*   Vous avez des douleurs intenses et persistantes au ventre ou au foie (douleur foie).
*   Vous avez des maux de tête violents, des troubles de la vision ou un gonflement soudain (céphalée, éclairs lumineux, gonflement visage).
*   Vous perdez du liquide (clair, jaune ou verdâtre) (liquide chaud).

**Appelez les urgences si :**
*   Vous avez des saignements vaginaux abondants (hémorragie).
*   Vous avez des pensées de vous faire du mal ou de faire du mal au bébé (pensées suicidaires).
*   Vous perdez connaissance ou avez des convulsions (perte de conscience).
",,,"a09_préparation_à_laccouchement,a10_différentes_méthodes_daccouchement,a11_péridurale","s02_fer,s07_magnesium","c09,c10,c13,c15",week_30.png,,"• Les os se durcissent, sauf ceux du crâne. • Le bébé rêve déjà (activité cérébrale). • Il accumule une couche de graisse essentielle pour réguler sa température.",,,• Préparez votre valise de maternité. • Faites des siestes courtes si l'insomnie vous gagne. • Parlez à votre bébé pour renforcer le lien.,,,Le compte à rebours final est lancé. Le bébé se prépare pour la naissance. Soyez attentive aux signes du travail et reposez-vous au maximum.,,,"v08_nutrition_generale,v09_redflags_urgences"
31,Semaine 31 – ### Le développement des cinq sens,,,🍉,3,"Noix de coco (41,1 cm)",,,41.1,1.5,"La prise de poids est spectaculaire, principalement due à l'accumulation de graisse sous-cutanée. Le cerveau continue de se développer avec la formation de milliards de connexions. Les poumons sont presque matures. Le fœtus est maintenant très à l'étroit et ses mouvements sont plus des étirements que des culbutes.",,,"L'essoufflement est fréquent car l'utérus appuie sur votre diaphragme. Les brûlures d'estomac peuvent s'intensifier. Votre bébé est très actif, ce qui peut perturber votre sommeil. Votre partenaire peut maintenant sentir les mouvements du bébé très clairement.",,,"
**Consultez rapidement si :**
*   Vous ne sentez plus votre bébé bouger ou ses mouvements sont très faibles (ne sens plus le bébé).
*   Vous avez des douleurs intenses et persistantes au ventre ou au foie (douleur foie).
*   Vous avez des maux de tête violents, des troubles de la vision ou un gonflement soudain (céphalée, éclairs lumineux, gonflement visage).
*   Vous perdez du liquide (clair, jaune ou verdâtre) (liquide chaud).

**Appelez les urgences si :**
*   Vous avez des saignements vaginaux abondants (hémorragie).
*   Vous avez des pensées de vous faire du mal ou de faire du mal au bébé (pensées suicidaires).
*   Vous perdez connaissance ou avez des convulsions (perte de conscience).
",,,"a09_préparation_à_laccouchement,a10_différentes_méthodes_daccouchement,a11_péridurale","s02_fer,s07_magnesium","c09,c10,c13,c15",week_31.png,,"• Les os se durcissent, sauf ceux du crâne. • Le bébé rêve déjà (activité cérébrale). • Il accumule une couche de graisse essentielle pour réguler sa température.",,,• Préparez votre valise de maternité. • Faites des siestes courtes si l'insomnie vous gagne. • Parlez à votre bébé pour renforcer le lien.,,,Le compte à rebours final est lancé. Le bébé se prépare pour la naissance. Soyez attentive aux signes du travail et reposez-vous au maximum.,,,
32,Semaine 32 – ### Le développement des poumons,,,🍉,3,"Chou frisé (42,4 cm)",,,42.4,1.7,"La prise de poids est spectaculaire, principalement due à l'accumulation de graisse sous-cutanée. Le cerveau continue de se développer avec la formation de milliards de connexions. Les poumons sont presque matures. Le fœtus est maintenant très à l'étroit et ses mouvements sont plus des étirements que des culbutes.",,,"L'essoufflement est fréquent car l'utérus appuie sur votre diaphragme. Les brûlures d'estomac peuvent s'intensifier. Votre bébé est très actif, ce qui peut perturber votre sommeil. Votre partenaire peut maintenant sentir les mouvements du bébé très clairement.",,,"
**Consultez rapidement si :**
*   Vous ne sentez plus votre bébé bouger ou ses mouvements sont très faibles (ne sens plus le bébé).
*   Vous avez des douleurs intenses et persistantes au ventre ou au foie (douleur foie).
*   Vous avez des maux de tête violents, des troubles de la vision ou un gonflement soudain (céphalée, éclairs lumineux, gonflement visage).
*   Vous perdez du liquide (clair, jaune ou verdâtre) (liquide chaud).

**Appelez les urgences si :**
*   Vous avez des saignements vaginaux abondants (hémorragie).
*   Vous avez des pensées de vous faire du mal ou de faire du mal au bébé (pensées suicidaires).
*   Vous perdez connaissance ou avez des convulsions (perte de conscience).
",,,"a09_préparation_à_laccouchement,a10_différentes_méthodes_daccouchement,a11_péridurale","s02_fer,s07_magnesium","c09,c10,c13,c15",week_32.png,,"• Les os se durcissent, sauf ceux du crâne. • Le bébé rêve déjà (activité cérébrale). • Il accumule une couche de graisse essentielle pour réguler sa température.",,,• Préparez votre valise de maternité. • Faites des siestes courtes si l'insomnie vous gagne. • Parlez à votre bébé pour renforcer le lien.,,,Le compte à rebours final est lancé. Le bébé se prépare pour la naissance. Soyez attentive aux signes du travail et reposez-vous au maximum.,,,v06_semaine30_valise
33,Semaine 33 – ### La prise de poids,,,🎃,3,"Ananas (43,7 cm)",,,43.7,1.9,Le bébé se prépare activement pour la naissance. Il se tourne généralement tête en bas (position céphalique). Le lanugo commence à disparaître. Le système immunitaire reçoit les anticorps de la mère. Il est considéré comme 'à terme précoce' à la fin de cette période.,,,"Le bébé descend dans le bassin (engagement), ce qui peut soulager votre respiration mais augmenter la pression sur votre vessie. Les douleurs pelviennes et les crampes dans les jambes sont courantes. L'anxiété de l'accouchement peut monter : parlez-en à votre sage-femme.",,,"
**Consultez rapidement si :**
*   Vous ne sentez plus votre bébé bouger ou ses mouvements sont très faibles (ne sens plus le bébé).
*   Vous avez des douleurs intenses et persistantes au ventre ou au foie (douleur foie).
*   Vous avez des maux de tête violents, des troubles de la vision ou un gonflement soudain (céphalée, éclairs lumineux, gonflement visage).
*   Vous perdez du liquide (clair, jaune ou verdâtre) (liquide chaud).

**Appelez les urgences si :**
*   Vous avez des saignements vaginaux abondants (hémorragie).
*   Vous avez des pensées de vous faire du mal ou de faire du mal au bébé (pensées suicidaires).
*   Vous perdez connaissance ou avez des convulsions (perte de conscience).
",,,"a09_préparation_à_laccouchement,a10_différentes_méthodes_daccouchement,a11_péridurale","s02_fer,s07_magnesium","c09,c10,c13,c15",week_33.png,,• Le bébé est généralement en position tête en bas. • Son système digestif est prêt pour le lait. • Il continue de prendre du poids pour être prêt à la naissance.,,,• Préparez votre valise de maternité. • Faites des siestes courtes si l'insomnie vous gagne. • Parlez à votre bébé pour renforcer le lien.,,,Le compte à rebours final est lancé. Le bébé se prépare pour la naissance. Soyez attentive aux signes du travail et reposez-vous au maximum.,,,
34,Semaine 34 – ### Le développement du système immunitaire,,,🎃,3,Melon (45 cm),,,45.0,2.1,Le bébé se prépare activement pour la naissance. Il se tourne généralement tête en bas (position céphalique). Le lanugo commence à disparaître. Le système immunitaire reçoit les anticorps de la mère. Il est considéré comme 'à terme précoce' à la fin de cette période.,,,"Le bébé descend dans le bassin (engagement), ce qui peut soulager votre respiration mais augmenter la pression sur votre vessie. Les douleurs pelviennes et les crampes dans les jambes sont courantes. L'anxiété de l'accouchement peut monter : parlez-en à votre sage-femme.",,,"
**Consultez rapidement si :**
*   Vous ne sentez plus votre bébé bouger ou ses mouvements sont très faibles (ne sens plus le bébé).
*   Vous avez des douleurs intenses et persistantes au ventre ou au foie (douleur foie).
*   Vous avez des maux de tête violents, des troubles de la vision ou un gonflement soudain (céphalée, éclairs lumineux, gonflement visage).
*   Vous perdez du liquide (clair, jaune ou verdâtre) (liquide chaud).

**Appelez les urgences si :**
*   Vous avez des saignements vaginaux abondants (hémorragie).
*   Vous avez des pensées de vous faire du mal ou de faire du mal au bébé (pensées suicidaires).
*   Vous perdez connaissance ou avez des convulsions (perte de conscience).
",,,"a12_signes_du_travail,a16_grossesse_et_travail,a17_droits_et_aides","s02_fer,s07_magnesium","c14,c16,c20,c15",week_34.png,,• Le bébé est généralement en position tête en bas. • Son système digestif est prêt pour le lait. • Il continue de prendre du poids pour être prêt à la naissance.,,,• Préparez votre valise de maternité. • Faites des siestes courtes si l'insomnie vous gagne. • Parlez à votre bébé pour renforcer le lien.,,,Le compte à rebours final est lancé. Le bébé se prépare pour la naissance. Soyez attentive aux signes du travail et reposez-vous au maximum.,,,
35,Semaine 35 – ### La croissance des cheveux,,,🎃,3,"Melon miel (46,2 cm)",,,46.2,2.4,Le bébé se prépare activement pour la naissance. Il se tourne généralement tête en bas (position céphalique). Le lanugo commence à disparaître. Le système immunitaire reçoit les anticorps de la mère. Il est considéré comme 'à terme précoce' à la fin de cette période.,,,"Le bébé descend dans le bassin (engagement), ce qui peut soulager votre respiration mais augmenter la pression sur votre vessie. Les douleurs pelviennes et les crampes dans les jambes sont courantes. L'anxiété de l'accouchement peut monter : parlez-en à votre sage-femme.",,,"
**Consultez rapidement si :**
*   Vous ne sentez plus votre bébé bouger ou ses mouvements sont très faibles (ne sens plus le bébé).
*   Vous avez des douleurs intenses et persistantes au ventre ou au foie (douleur foie).
*   Vous avez des maux de tête violents, des troubles de la vision ou un gonflement soudain (céphalée, éclairs lumineux, gonflement visage).
*   Vous perdez du liquide (clair, jaune ou verdâtre) (liquide chaud).

**Appelez les urgences si :**
*   Vous avez des saignements vaginaux abondants (hémorragie).
*   Vous avez des pensées de vous faire du mal ou de faire du mal au bébé (pensées suicidaires).
*   Vous perdez connaissance ou avez des convulsions (perte de conscience).
",,,"a12_signes_du_travail,a16_grossesse_et_travail,a17_droits_et_aides","s02_fer,s07_magnesium","c14,c16,c20,c15",week_35.png,,• Le bébé est généralement en position tête en bas. • Son système digestif est prêt pour le lait. • Il continue de prendre du poids pour être prêt à la naissance.,,,• Préparez votre valise de maternité. • Faites des siestes courtes si l'insomnie vous gagne. • Parlez à votre bébé pour renforcer le lien.,,,Le compte à rebours final est lancé. Le bébé se prépare pour la naissance. Soyez attentive aux signes du travail et reposez-vous au maximum.,,,v08_nutrition_generale
36,Semaine 36 – ### La position finale,,,🎃,3,"Chou romaine (47,4 cm)",,,47.4,2.6,Le bébé se prépare activement pour la naissance. Il se tourne généralement tête en bas (position céphalique). Le lanugo commence à disparaître. Le système immunitaire reçoit les anticorps de la mère. Il est considéré comme 'à terme précoce' à la fin de cette période.,,,"Le bébé descend dans le bassin (engagement), ce qui peut soulager votre respiration mais augmenter la pression sur votre vessie. Les douleurs pelviennes et les crampes dans les jambes sont courantes. L'anxiété de l'accouchement peut monter : parlez-en à votre sage-femme.",,,"
**Consultez rapidement si :**
*   Vous ne sentez plus votre bébé bouger ou ses mouvements sont très faibles (ne sens plus le bébé).
*   Vous avez des douleurs intenses et persistantes au ventre ou au foie (douleur foie).
*   Vous avez des maux de tête violents, des troubles de la vision ou un gonflement soudain (céphalée, éclairs lumineux, gonflement visage).
*   Vous perdez du liquide (clair, jaune ou verdâtre) (liquide chaud).

**Appelez les urgences si :**
*   Vous avez des saignements vaginaux abondants (hémorragie).
*   Vous avez des pensées de vous faire du mal ou de faire du mal au bébé (pensées suicidaires).
*   Vous perdez connaissance ou avez des convulsions (perte de conscience).
",,,"a12_signes_du_travail,a16_grossesse_et_travail,a17_droits_et_aides","s02_fer,s07_magnesium","c14,c16,c20,c15",week_36.png,,• Le bébé est généralement en position tête en bas. • Son système digestif est prêt pour le lait. • Il continue de prendre du poids pour être prêt à la naissance.,,,• Préparez votre valise de maternité. • Faites des siestes courtes si l'insomnie vous gagne. • Parlez à votre bébé pour renforcer le lien.,,,Le compte à rebours final est lancé. Le bébé se prépare pour la naissance. Soyez attentive aux signes du travail et reposez-vous au maximum.,,,
37,Semaine 37 – ### Bébé à terme,,,👶,3,"Céleri (48,6 cm)",,,48.6,2.9,"Le bébé est considéré comme à terme et prêt à naître. Il continue de prendre du poids, environ 28 grammes par jour. Le vernix caseosa se détache. Le bébé est descendu dans le bassin, ce qui peut soulager votre respiration mais augmenter la pression sur votre vessie. L'attente est la seule chose qui reste !",,,"Votre corps se prépare activement pour le travail. Le col de l'utérus commence à se ramollir et à s'ouvrir (dilatation). Vous pourriez perdre le bouchon muqueux. La fatigue revient, mais essayez de rester active. Chaque jour est un compte à rebours vers la rencontre. Soyez attentive aux signes du travail.",,,"
**Consultez rapidement si :**
*   Vous ne sentez plus votre bébé bouger ou ses mouvements sont très faibles (ne sens plus le bébé).
*   Vous avez des douleurs intenses et persistantes au ventre ou au foie (douleur foie).
*   Vous avez des maux de tête violents, des troubles de la vision ou un gonflement soudain (céphalée, éclairs lumineux, gonflement visage).
*   Vous perdez du liquide (clair, jaune ou verdâtre) (liquide chaud).

**Appelez les urgences si :**
*   Vous avez des saignements vaginaux abondants (hémorragie).
*   Vous avez des pensées de vous faire du mal ou de faire du mal au bébé (pensées suicidaires).
*   Vous perdez connaissance ou avez des convulsions (perte de conscience).
",,,"a12_signes_du_travail,a16_grossesse_et_travail,a17_droits_et_aides","s02_fer,s07_magnesium","c14,c16,c20,c15",week_37.png,,• Le bébé est considéré comme à terme. • Il perd son lanugo et une partie du vernix. • Il attend juste le signal pour venir au monde !,,,• Préparez votre valise de maternité. • Faites des siestes courtes si l'insomnie vous gagne. • Parlez à votre bébé pour renforcer le lien.,,,Le compte à rebours final est lancé. Le bébé se prépare pour la naissance. Soyez attentive aux signes du travail et reposez-vous au maximum.,,,
38,Semaine 38 – ### Les dernières préparations,,,👶,3,"Citrouille (49,8 cm)",,,49.8,3.1,"Le bébé est considéré comme à terme et prêt à naître. Il continue de prendre du poids, environ 28 grammes par jour. Le vernix caseosa se détache. Le bébé est descendu dans le bassin, ce qui peut soulager votre respiration mais augmenter la pression sur votre vessie. L'attente est la seule chose qui reste !",,,"Votre corps se prépare activement pour le travail. Le col de l'utérus commence à se ramollir et à s'ouvrir (dilatation). Vous pourriez perdre le bouchon muqueux. La fatigue revient, mais essayez de rester active. Chaque jour est un compte à rebours vers la rencontre. Soyez attentive aux signes du travail.",,,"
**Consultez rapidement si :**
*   Vous ne sentez plus votre bébé bouger ou ses mouvements sont très faibles (ne sens plus le bébé).
*   Vous avez des douleurs intenses et persistantes au ventre ou au foie (douleur foie).
*   Vous avez des maux de tête violents, des troubles de la vision ou un gonflement soudain (céphalée, éclairs lumineux, gonflement visage).
*   Vous perdez du liquide (clair, jaune ou verdâtre) (liquide chaud).

**Appelez les urgences si :**
*   Vous avez des saignements vaginaux abondants (hémorragie).
*   Vous avez des pensées de vous faire du mal ou de faire du mal au bébé (pensées suicidaires).
*   Vous perdez connaissance ou avez des convulsions (perte de conscience).
",,,"a12_signes_du_travail,a16_grossesse_et_travail,a17_droits_et_aides","s02_fer,s07_magnesium","c14,c16,c20,c15",week_38.png,,• Le bébé est considéré comme à terme. • Il perd son lanugo et une partie du vernix. • Il attend juste le signal pour venir au monde !,,,• Préparez votre valise de maternité. • Faites des siestes courtes si l'insomnie vous gagne. • Parlez à votre bébé pour renforcer le lien.,,,Le compte à rebours final est lancé. Le bébé se prépare pour la naissance. Soyez attentive aux signes du travail et reposez-vous au maximum.,,,v07_semaine37_travail
39,Semaine 39 – ### Prêt pour la naissance,,,👶,3,"Pastèque (50,7 cm)",,,50.7,3.3,"Le bébé est considéré comme à terme et prêt à naître. Il continue de prendre du poids, environ 28 grammes par jour. Le vernix caseosa se détache. Le bébé est descendu dans le bassin, ce qui peut soulager votre respiration mais augmenter la pression sur votre vessie. L'attente est la seule chose qui reste !",,,"Votre corps se prépare activement pour le travail. Le col de l'utérus commence à se ramollir et à s'ouvrir (dilatation). Vous pourriez perdre le bouchon muqueux. La fatigue revient, mais essayez de rester active. Chaque jour est un compte à rebours vers la rencontre. Soyez attentive aux signes du travail.",,,"
**Consultez rapidement si :**
*   Vous ne sentez plus votre bébé bouger ou ses mouvements sont très faibles (ne sens plus le bébé).
*   Vous avez des douleurs intenses et persistantes au ventre ou au foie (douleur foie).
*   Vous avez des maux de tête violents, des troubles de la vision ou un gonflement soudain (céphalée, éclairs lumineux, gonflement visage).
*   Vous perdez du liquide (clair, jaune ou verdâtre) (liquide chaud).

**Appelez les urgences si :**
*   Vous avez des saignements vaginaux abondants (hémorragie).
*   Vous avez des pensées de vous faire du mal ou de faire du mal au bébé (pensées suicidaires).
*   Vous perdez connaissance ou avez des convulsions (perte de conscience).
",,,"a12_signes_du_travail,a16_grossesse_et_travail,a17_droits_et_aides","s02_fer,s07_magnesium","c14,c16,c20,c15",week_39.png,,• Le bébé est considéré comme à terme. • Il perd son lanugo et une partie du vernix. • Il attend juste le signal pour venir au monde !,,,• Préparez votre valise de maternité. • Faites des siestes courtes si l'insomnie vous gagne. • Parlez à votre bébé pour renforcer le lien.,,,Le compte à rebours final est lancé. Le bébé se prépare pour la naissance. Soyez attentive aux signes du travail et reposez-vous au maximum.,,,
40,Semaine 40 – ### Le grand jour approche,,,👶,3,"Pastèque (51,2 cm)",,,51.2,3.4,"Le bébé est considéré comme à terme et prêt à naître. Il continue de prendre du poids, environ 28 grammes par jour. Le vernix caseosa se détache. Le bébé est descendu dans le bassin, ce qui peut soulager votre respiration mais augmenter la pression sur votre vessie. L'attente est la seule chose qui reste !",,,"Votre corps se prépare activement pour le travail. Le col de l'utérus commence à se ramollir et à s'ouvrir (dilatation). Vous pourriez perdre le bouchon muqueux. La fatigue revient, mais essayez de rester active. Chaque jour est un compte à rebours vers la rencontre. Soyez attentive aux signes du travail.",,,"
**Consultez rapidement si :**
*   Vous ne sentez plus votre bébé bouger ou ses mouvements sont très faibles (ne sens plus le bébé).
*   Vous avez des douleurs intenses et persistantes au ventre ou au foie (douleur foie).
*   Vous avez des maux de tête violents, des troubles de la vision ou un gonflement soudain (céphalée, éclairs lumineux, gonflement visage).
*   Vous perdez du liquide (clair, jaune ou verdâtre) (liquide chaud).

**Appelez les urgences si :**
*   Vous avez des saignements vaginaux abondants (hémorragie).
*   Vous avez des pensées de vous faire du mal ou de faire du mal au bébé (pensées suicidaires).
*   Vous perdez connaissance ou avez des convulsions (perte de conscience).
",,,"a12_signes_du_travail,a13_allaitement,a14_post-partum","s02_fer,s07_magnesium","c14,c16,c20,c15",week_40.png,,• Le bébé est considéré comme à terme. • Il perd son lanugo et une partie du vernix. • Il attend juste le signal pour venir au monde !,,,• Préparez votre valise de maternité. • Faites des siestes courtes si l'insomnie vous gagne. • Parlez à votre bébé pour renforcer le lien.,,,Le compte à rebours final est lancé. Le bébé se prépare pour la naissance. Soyez attentive aux signes du travail et reposez-vous au maximum.,,,"v08_nutrition_generale,v09_redflags_urgences"
